x,y,Count,WeightedCount,WeightedExpectedGoals,GoalProbability
0,50,139,0.007,0,0
0,52,139,0.023,0,0
0,54,139,0.054,0,0
0,56,139,0.088,0,0
0,58,139,0.099,0,0
0,60,139,0.079,0,0
0,62,139,0.043,0,0
0,64,139,0.017,0,0
2,48,139,0.008,0,0
2,50,139,0.04,0,0
2,52,139,0.133,0,0
2,54,139,0.309,0,0
2,56,139,0.504,0,0
2,58,139,0.571,0,0
2,60,139,0.452,0,0
2,62,139,0.249,0,0
2,64,139,0.096,0,0
2,66,139,0.026,0,0
4,48,139,0.033,0,0
4,50,139,0.159,0,0
4,52,139,0.532,0,0
4,54,139,1.241,0,0
4,56,139,2.019,0,0
4,58,139,2.291,0,0
4,60,139,1.812,0,0
4,62,139,0.999,0,0
4,64,139,0.384,0,0
4,66,139,0.103,0,0
4,68,139,0.019,0,0
6,46,139,0.013,0,0
6,48,139,0.092,0,0
6,50,139,0.444,0,0
6,52,139,1.486,0,0
6,54,139,3.469,0,0
6,56,139,5.645,0,0
6,58,139,6.405,0,0
6,60,139,5.066,0,0
6,62,139,2.794,0,0
6,64,139,1.074,0,0
6,66,139,0.288,0,0
6,68,139,0.054,0,0
6,70,139,0.007,0,0
8,46,139,0.026,0,0
8,48,139,0.18,0,0
8,50,139,0.865,0,0
8,52,139,2.896,0,0
8,54,139,6.761,0,0
8,56,139,11.003,0,0
8,58,139,12.484,0,0
8,60,139,9.874,0,0
8,62,139,5.445,0,0
8,64,139,2.094,0,0
8,66,139,0.561,0,0
8,68,139,0.105,0,0
8,70,139,0.014,0,0
10,46,139,0.036,0,0
10,48,139,0.245,0,0
10,50,139,1.175,0,0
10,52,139,3.936,0,0
10,54,139,9.187,0,0
10,56,139,14.951,0,0
10,58,139,16.963,0,0
10,60,139,13.417,0,0
10,62,139,7.399,0,0
10,64,139,2.845,0,0
10,66,139,0.762,0,0
10,68,139,0.142,0,0
10,70,139,0.019,0,0
12,10,138,0.015,0,0
12,12,138,0.029,0,0
12,14,138,0.039,0,0
12,16,138,0.037,0,0
12,18,138,0.025,0,0
12,20,138,0.011,0,0
12,46,277,0.044,0,0
12,48,277,0.248,0,0
12,50,277,1.133,0,0
12,52,277,3.744,0,0
12,54,277,8.712,0,0
12,56,139,14.163,0,0
12,58,278,16.075,0,0
12,60,278,12.724,0,0
12,62,278,7.031,0,0.001
12,64,278,2.718,0,0.003
12,66,278,0.74,0,0.007
12,68,278,0.144,0,0.019
12,70,139,0.018,0,0
14,6,138,0.009,0,0
14,8,138,0.036,0,0
14,10,138,0.101,0,0
14,12,138,0.197,0,0
14,14,138,0.267,0,0
14,16,138,0.253,0,0
14,18,138,0.167,0,0
14,20,138,0.077,0,0
14,22,138,0.025,0,0
14,42,138,0.009,0,0
14,44,138,0.032,0,0
14,46,277,0.098,0,0
14,48,277,0.279,0,0
14,50,277,0.881,0,0
14,52,277,2.58,0,0
14,54,277,5.814,0,0
14,56,416,9.394,0,0
14,58,416,10.665,0,0.001
14,60,278,8.496,0,0.003
14,62,278,4.788,0,0.01
14,64,278,1.953,0,0.026
14,66,278,0.609,0,0.063
14,68,278,0.159,0,0.129
14,70,278,0.038,0,0.202
14,72,139,0.007,0,0.292
16,4,138,0.007,0,0
16,6,138,0.042,0,0
16,8,138,0.17,0,0
16,10,138,0.476,0,0
16,12,138,0.927,0,0
16,14,138,1.259,0,0
16,16,138,1.193,0,0
16,18,138,0.788,0,0
16,20,138,0.363,0,0
16,22,138,0.116,0,0
16,24,138,0.026,0,0
16,40,138,0.01,0,0
16,42,138,0.05,0,0
16,44,138,0.171,0,0
16,46,277,0.417,0,0
16,48,277,0.744,0,0
16,50,277,1.117,0,0
16,52,277,1.761,0,0
16,54,416,3.014,0,0.001
16,56,416,4.516,0,0.005
16,58,416,5.155,0,0.013
16,60,416,4.393,0,0.035
16,62,278,2.948,0,0.081
16,64,278,1.713,0,0.152
16,66,278,0.901,0,0.221
16,68,278,0.404,0,0.262
16,70,139,0.134,0,0.292
16,72,139,0.035,0,0.292
16,74,139,0.006,0,0.292
18,4,138,0.024,0,0
18,6,138,0.139,0,0
18,8,138,0.559,0,0
18,10,138,1.564,0,0
18,12,138,3.048,0,0
18,14,138,4.141,0,0
18,16,138,3.923,0,0
18,18,138,2.591,0,0
18,20,138,1.193,0,0
18,22,138,0.383,0,0
18,24,138,0.086,0,0
18,26,138,0.013,0,0
18,40,138,0.038,0,0
18,42,138,0.187,0,0
18,44,138,0.638,0,0
18,46,138,1.517,0,0
18,48,277,2.536,0,0
18,50,277,3.012,0,0
18,52,416,2.71,0,0.001
18,54,416,2.218,0,0.007
18,56,416,2.154,0,0.035
18,58,416,2.54,0,0.096
18,60,416,3.14,0.001,0.174
18,62,278,3.623,0.003,0.237
18,64,278,3.479,0.003,0.27
18,66,278,2.524,0.002,0.284
18,68,278,1.318,0,0.289
18,70,139,0.484,0,0.292
18,72,139,0.125,0,0.292
18,74,139,0.023,0,0.292
20,2,138,0.007,0,0
20,4,138,0.056,0,0
20,6,138,0.32,0,0
20,8,138,1.282,0,0
20,10,277,3.592,0,0
20,12,277,7.004,0,0
20,14,277,9.523,0,0
20,16,277,9.027,0,0
20,18,277,5.967,0,0
20,20,277,2.75,0,0
20,22,138,0.878,0,0
20,24,138,0.197,0,0
20,26,138,0.031,0,0
20,38,138,0.014,0,0
20,40,138,0.1,0,0
20,42,138,0.487,0,0
20,44,138,1.66,0,0
20,46,138,3.945,0,0
20,48,138,6.536,0,0
20,50,277,7.575,0,0
20,52,416,6.184,0,0.001
20,54,416,3.744,0,0.011
20,56,416,2.292,0,0.082
20,58,416,2.802,0.001,0.217
20,60,416,5.044,0.006,0.272
20,62,416,7.535,0.015,0.286
20,64,278,8.127,0.017,0.29
20,66,278,6.172,0.01,0.291
20,68,139,3.274,0.003,0.292
20,70,139,1.214,0,0.292
20,72,139,0.314,0,0.292
20,74,139,0.057,0,0.292
20,76,139,0.007,0,0.292
22,2,138,0.011,0,0
22,4,138,0.089,0,0
22,6,138,0.511,0,0
22,8,277,2.064,0,0
22,10,277,5.78,0,0
22,12,277,11.287,0,0
22,14,277,15.373,0,0
22,16,277,14.604,0,0
22,18,277,9.679,0,0
22,20,277,4.475,0,0
22,22,277,1.444,0,0
22,24,277,0.325,0,0
22,26,138,0.049,0,0
22,36,139,0.007,0,0.064
22,38,277,0.032,0,0.012
22,40,138,0.181,0,0
22,42,138,0.883,0,0
22,44,138,3.01,0,0
22,46,138,7.153,0,0
22,48,138,11.853,0,0
22,50,138,13.692,0,0
22,52,416,11.077,0,0.001
22,54,416,6.465,0,0.011
22,56,416,3.602,0,0.092
22,58,416,4.365,0.004,0.244
22,60,416,8.384,0.018,0.286
22,62,416,12.936,0.044,0.291
22,64,278,14.122,0.053,0.292
22,66,139,10.767,0.031,0.292
22,68,139,5.727,0.009,0.292
22,70,139,2.124,0.001,0.292
22,72,139,0.549,0,0.292
22,74,139,0.099,0,0.292
22,76,139,0.012,0,0.292
24,2,138,0.012,0,0
24,4,138,0.099,0,0
24,6,277,0.584,0,0
24,8,277,2.356,0,0
24,10,277,6.631,0,0
24,12,277,13.028,0,0
24,14,277,17.878,0,0
24,16,277,17.137,0,0
24,18,277,11.48,0,0
24,20,277,5.377,0,0
24,22,417,1.771,0,0
24,24,417,0.416,0,0
24,26,417,0.076,0,0
24,28,278,0.013,0,0
24,30,139,0.009,0,0.064
24,32,139,0.023,0,0.064
24,34,139,0.045,0,0.064
24,36,139,0.06,0,0.064
24,38,277,0.088,0,0.041
24,40,277,0.264,0,0.009
24,42,277,1.132,0,0.001
24,44,138,3.805,0,0
24,46,138,9.043,0,0
24,48,138,14.984,0,0
24,50,138,17.31,0,0
24,52,277,13.986,0,0.001
24,54,277,8.125,0,0.011
24,56,277,4.442,0.001,0.091
24,58,416,5.292,0.005,0.246
24,60,277,10.177,0.027,0.288
24,62,277,15.747,0.065,0.292
24,64,139,17.21,0.078,0.292
24,66,139,13.13,0.046,0.292
24,68,139,6.984,0.013,0.292
24,70,139,2.59,0.002,0.292
24,72,139,0.67,0,0.292
24,74,139,0.121,0,0.292
24,76,139,0.015,0,0.292
26,0,138,0.008,0,0.161
26,2,276,0.025,0,0.101
26,4,415,0.107,0,0.034
26,6,415,0.515,0,0.007
26,8,415,2.036,0,0.001
26,10,415,5.806,0,0
26,12,277,11.659,0,0
26,14,277,16.437,0,0
26,16,277,16.258,0,0
26,18,417,11.304,0,0
26,20,417,5.547,0,0
26,22,417,1.963,0,0
26,24,417,0.554,0,0
26,26,417,0.169,0,0
26,28,417,0.084,0,0.011
26,30,417,0.106,0,0.033
26,32,417,0.199,0,0.048
26,34,277,0.332,0,0.055
26,36,277,0.417,0,0.058
26,38,415,0.402,0,0.056
26,40,415,0.437,0,0.034
26,42,277,1.087,0,0.006
26,44,277,3.386,0,0.001
26,46,277,7.978,0,0
26,48,138,13.207,0,0
26,50,138,15.257,0,0
26,52,277,12.326,0,0.001
26,54,277,7.152,0,0.01
26,56,277,3.872,0,0.088
26,58,277,4.52,0.004,0.244
26,60,277,8.657,0.019,0.287
26,62,277,13.388,0.047,0.292
26,64,139,14.631,0.057,0.292
26,66,139,11.163,0.033,0.292
26,68,139,5.938,0.009,0.292
26,70,139,2.202,0.001,0.292
26,72,139,0.569,0,0.292
26,74,139,0.103,0,0.292
26,76,139,0.013,0,0.292
28,0,138,0.057,0,0.161
28,2,138,0.117,0,0.161
28,4,415,0.226,0,0.12
28,6,415,0.527,0,0.051
28,8,415,1.662,0,0.011
28,10,415,4.735,0,0.002
28,12,415,9.99,0,0
28,14,277,14.96,0,0
28,16,417,15.824,0,0
28,18,417,11.832,0,0
28,20,417,6.369,0,0
28,22,417,2.685,0,0
28,24,417,1.15,0,0
28,26,694,0.663,0,0.001
28,28,556,0.483,0,0.008
28,30,417,0.559,0,0.027
28,32,417,0.976,0,0.043
28,34,417,1.574,0,0.051
28,36,277,1.915,0,0.056
28,38,415,1.703,0,0.058
28,40,415,1.179,0,0.055
28,42,415,1.072,0,0.027
28,44,277,2.203,0,0.004
28,46,277,4.929,0,0
28,48,138,8.116,0,0
28,50,138,9.375,0,0
28,52,277,7.573,0,0.001
28,54,277,4.39,0,0.01
28,56,277,2.354,0,0.086
28,58,277,2.695,0.001,0.243
28,60,277,5.134,0.007,0.287
28,62,277,7.936,0.017,0.292
28,64,139,8.672,0.02,0.292
28,66,139,6.616,0.012,0.292
28,68,139,3.519,0.003,0.292
28,70,139,1.305,0,0.292
28,72,139,0.337,0,0.292
28,74,139,0.061,0,0.292
28,76,139,0.008,0,0.292
30,0,138,0.293,0,0.161
30,2,138,0.602,0,0.161
30,4,530,0.915,0,0.153
30,6,530,1.163,0,0.12
30,8,669,1.954,0,0.05
30,10,809,4.654,0,0.01
30,12,694,9.988,0,0.002
30,14,834,15.809,0,0
30,16,696,17.721,0,0
30,18,696,14.147,0,0
30,20,696,8.473,0,0
30,22,417,4.603,0,0
30,24,555,3.064,0,0
30,26,694,2.38,0,0.001
30,28,556,1.891,0,0.006
30,30,417,2.108,0,0.022
30,32,417,3.45,0,0.037
30,34,417,5.307,0.001,0.046
30,36,417,6.253,0.001,0.052
30,38,553,5.392,0.001,0.056
30,40,553,3.386,0.001,0.058
30,42,553,1.735,0,0.051
30,44,553,1.353,0,0.021
30,46,415,2.207,0,0.003
30,48,277,3.491,0,0
30,50,138,4.016,0,0
30,52,277,3.244,0,0.001
30,54,417,1.884,0,0.01
30,56,417,1.011,0,0.083
30,58,417,1.139,0,0.238
30,60,417,2.141,0.001,0.285
30,62,279,3.287,0.003,0.291
30,64,279,3.59,0.003,0.292
30,66,139,2.734,0.002,0.292
30,68,139,1.454,0.001,0.292
30,70,139,0.539,0,0.292
30,72,139,0.139,0,0.292
30,74,139,0.025,0,0.292
32,0,253,1.061,0,0.16
32,2,253,2.193,0.001,0.16
32,4,392,3.198,0.001,0.157
32,6,809,3.477,0.001,0.145
32,8,809,3.574,0.001,0.098
32,10,809,5.453,0,0.031
32,12,809,10.422,0,0.006
32,14,949,16.427,0,0.001
32,16,834,18.767,0,0
32,18,836,15.653,0,0
32,20,836,10.7,0,0
32,22,974,7.975,0,0
32,24,974,7.3,0,0
32,26,696,6.445,0,0.001
32,28,696,5.27,0,0.005
32,30,417,5.704,0,0.017
32,32,417,8.811,0.001,0.031
32,34,555,12.884,0.004,0.04
32,36,555,14.601,0.007,0.048
32,38,553,12.238,0.006,0.053
32,40,833,7.512,0.002,0.056
32,42,832,3.449,0.001,0.055
32,44,832,1.425,0,0.042
32,46,556,0.961,0,0.014
32,48,556,1.142,0,0.002
32,50,417,1.232,0,0
32,52,419,0.991,0,0
32,54,417,0.607,0,0.009
32,56,417,0.392,0,0.062
32,58,417,0.464,0,0.168
32,60,417,0.751,0,0.234
32,62,279,1.04,0,0.265
32,64,279,1.08,0,0.279
32,66,279,0.804,0,0.286
32,68,139,0.419,0,0.292
32,70,139,0.155,0,0.292
32,72,139,0.04,0,0.292
32,74,139,0.007,0,0.292
34,0,253,2.688,0.001,0.159
34,2,253,5.582,0.004,0.158
34,4,671,8.176,0.009,0.155
34,6,671,8.619,0.009,0.147
34,8,809,7.365,0.004,0.12
34,10,809,7.337,0.001,0.059
34,12,949,10.591,0,0.014
34,14,1089,15.228,0,0.002
34,16,1089,16.979,0,0
34,18,836,14.677,0,0
34,20,836,12.05,0,0
34,22,1113,12.253,0,0
34,24,1114,13.497,0,0
34,26,835,12.575,0,0.001
34,28,835,10.409,0,0.004
34,30,557,11.075,0,0.013
34,32,695,16.293,0.002,0.025
34,34,835,22.643,0.008,0.034
34,36,835,24.605,0.015,0.042
34,38,836,20.107,0.013,0.048
34,40,836,12.404,0.006,0.05
34,42,974,6.034,0.001,0.047
34,44,974,2.608,0,0.034
34,46,974,1.225,0,0.016
34,48,694,0.705,0,0.004
34,50,697,0.479,0,0.001
34,52,557,0.362,0,0
34,54,419,0.385,0,0
34,56,417,0.58,0,0.008
34,58,417,0.811,0,0.019
34,60,279,0.866,0,0.041
34,62,279,0.709,0,0.078
34,64,279,0.46,0,0.132
34,66,279,0.244,0,0.19
34,68,279,0.104,0,0.236
34,70,139,0.031,0,0.292
34,72,139,0.008,0,0.292
36,0,253,4.802,0.003,0.156
36,2,520,10.114,0.013,0.153
36,4,799,15.074,0.027,0.147
36,6,799,16.25,0.027,0.137
36,8,799,13.782,0.013,0.114
36,10,937,11.851,0.003,0.065
36,12,1217,13.356,0,0.02
36,14,1089,16.18,0,0.004
36,16,1089,16.385,0,0.001
36,18,1228,14.023,0,0
36,20,837,13.238,0,0
36,22,975,16.066,0,0
36,24,1114,18.924,0,0
36,26,975,17.81,0,0
36,28,835,14.719,0,0.003
36,30,696,15.435,0,0.01
36,32,1114,21.833,0.002,0.019
36,34,835,28.965,0.009,0.028
36,36,976,30.385,0.016,0.035
36,38,975,24.781,0.014,0.04
36,40,975,16.489,0.006,0.039
36,42,975,9.903,0.001,0.03
36,44,1253,5.963,0,0.016
36,46,1253,3.612,0,0.006
36,48,1255,2.067,0,0.003
36,50,835,1.089,0,0.003
36,52,697,0.741,0,0.003
36,54,697,1.082,0,0.001
36,56,559,1.973,0,0
36,58,279,2.788,0,0.001
36,60,279,2.797,0,0.002
36,62,279,1.965,0,0.004
36,64,279,0.971,0,0.009
36,66,279,0.341,0,0.019
36,68,279,0.087,0,0.039
36,70,280,0.021,0,0
36,72,140,0.02,0,0
36,74,140,0.034,0,0
36,76,140,0.04,0,0
36,78,140,0.033,0,0
36,80,140,0.019,0,0
38,0,381,6.172,0.005,0.149
38,2,520,13.338,0.02,0.142
38,4,798,20.687,0.041,0.132
38,6,937,23.671,0.041,0.117
38,8,937,21.793,0.02,0.09
38,10,937,19.931,0.005,0.049
38,12,1217,21.564,0.001,0.016
38,14,1355,23.681,0,0.004
38,16,1617,21.761,0,0.001
38,18,1351,17.244,0,0
38,20,975,15.739,0,0
38,22,975,18.764,0,0
38,24,1114,21.447,0,0
38,26,1114,19.525,0,0
38,28,696,15.572,0,0.002
38,30,1114,15.679,0,0.007
38,32,1114,21.258,0.001,0.014
38,34,1114,27.335,0.005,0.021
38,36,1115,28.676,0.009,0.027
38,38,975,25.413,0.008,0.028
38,40,1115,21.159,0.004,0.022
38,42,1115,17.634,0.001,0.012
38,44,1115,14.085,0,0.005
38,46,1115,10.105,0,0.003
38,48,1117,6.348,0,0.003
38,50,1115,3.545,0,0.005
38,52,973,2.272,0,0.006
38,54,559,2.928,0,0.003
38,56,421,5.162,0,0.001
38,58,421,7.255,0,0
38,60,140,7.231,0,0
38,62,140,5.041,0,0
38,64,140,2.45,0,0
38,66,140,0.83,0,0
38,68,280,0.213,0,0
38,70,280,0.089,0,0
38,72,140,0.138,0,0
38,74,140,0.232,0,0
38,76,140,0.273,0,0
38,78,140,0.224,0,0
38,80,140,0.128,0,0
40,0,381,5.922,0.003,0.133
40,2,798,13.533,0.014,0.121
40,4,798,22.567,0.03,0.105
40,6,937,28.37,0.031,0.086
40,8,937,29.212,0.016,0.06
40,10,1338,29.289,0.005,0.031
40,12,1478,32.216,0.001,0.01
40,14,1617,34.346,0,0.003
40,16,1617,30.453,0,0.001
40,18,1617,23.252,0,0
40,20,1354,20.015,0,0
40,22,1377,21.981,0,0
40,24,1377,23.246,0,0
40,26,1253,19.655,0,0
40,28,1117,14.177,0,0.001
40,30,1253,12.373,0,0.005
40,32,1252,15.423,0,0.01
40,34,1532,19.907,0.001,0.015
40,36,1392,23.229,0.002,0.017
40,38,1113,26.428,0.002,0.014
40,40,1253,30.215,0.001,0.008
40,42,1256,31.818,0.001,0.004
40,44,1393,28.743,0,0.002
40,46,1533,22.192,0,0.003
40,48,1395,14.918,0,0.005
40,50,1256,8.857,0,0.01
40,52,1256,5.49,0,0.012
40,54,972,5.92,0,0.006
40,56,695,9.585,0,0.001
40,58,695,13.249,0,0
40,60,417,13.171,0,0
40,62,277,9.178,0,0
40,64,277,4.462,0,0
40,66,417,1.528,0,0
40,68,280,0.433,0,0
40,70,280,0.327,0,0
40,72,280,0.655,0,0
40,74,140,1.094,0,0
40,76,140,1.287,0,0
40,78,140,1.055,0,0
40,80,140,0.603,0,0
42,0,519,4.667,0.001,0.102
42,2,798,11.712,0.005,0.085
42,4,798,21.703,0.012,0.068
42,6,798,30.383,0.014,0.051
42,8,1198,34.23,0.009,0.035
42,10,1338,35.468,0.004,0.018
42,12,1338,37.894,0.001,0.007
42,14,1617,39.034,0,0.002
42,16,1758,34.33,0,0.001
42,18,1620,26.935,0,0
42,20,1492,24.258,0,0
42,22,1516,26.721,0,0
42,24,1516,27.384,0,0
42,26,1516,22.019,0,0
42,28,1396,14.076,0,0.001
42,30,1532,9.258,0,0.002
42,32,1667,9.303,0,0.006
42,34,1808,12.892,0,0.008
42,36,1669,19.873,0,0.007
42,38,1253,31.084,0,0.004
42,40,1394,43.376,0,0.002
42,42,1531,49.605,0,0.001
42,44,1531,46.456,0,0.002
42,46,1533,37.345,0,0.004
42,48,1395,26.763,0.001,0.009
42,50,1393,17.126,0.001,0.015
42,52,1393,10.579,0.001,0.019
42,54,1251,9.264,0,0.011
42,56,836,12.874,0,0.003
42,58,695,17.144,0,0.001
42,60,656,16.943,0,0
42,62,379,11.8,0,0
42,64,519,5.756,0,0
42,66,519,2.006,0,0
42,68,417,0.714,0,0
42,70,280,0.955,0,0
42,72,280,2.141,0,0
42,74,140,3.598,0,0
42,76,140,4.232,0,0
42,78,140,3.471,0,0
42,80,140,1.984,0,0
44,0,519,3.552,0,0.058
44,2,798,9.99,0.001,0.045
44,4,798,20.537,0.003,0.034
44,6,1059,31.279,0.006,0.025
44,8,1059,36.828,0.006,0.018
44,10,1199,37.087,0.003,0.012
44,12,1477,36.288,0.001,0.006
44,14,1758,35.082,0,0.002
44,16,1758,31.049,0,0.001
44,18,1759,26.344,0,0
44,20,1631,26.329,0,0
44,22,1377,30.603,0,0
44,24,1377,32.063,0,0
44,26,1515,26.105,0,0.001
44,28,1792,16.165,0,0.001
44,30,1669,8.582,0,0.003
44,32,1945,6.34,0,0.004
44,34,1945,9.685,0,0.004
44,36,1805,19.553,0,0.002
44,38,1807,36.011,0,0.001
44,40,1805,53.22,0,0.001
44,42,1805,61.863,0,0.001
44,44,1531,58.888,0,0.003
44,46,1533,49.356,0.002,0.007
44,48,1256,38.188,0.005,0.014
44,50,1393,26.864,0.006,0.021
44,52,1393,17.189,0.003,0.025
44,54,1251,12.44,0.001,0.018
44,56,1077,13.571,0,0.006
44,58,938,16.644,0,0.001
44,60,656,16.219,0,0
44,62,656,11.345,0,0
44,64,519,5.605,0,0
44,66,519,2.064,0,0
44,68,519,1.069,0,0
44,70,519,2.11,0,0
44,72,280,4.897,0,0
44,74,140,8.249,0,0
44,76,140,9.703,0,0
44,78,140,7.957,0,0
44,80,140,4.549,0,0
46,0,519,2.933,0,0.023
46,2,658,8.941,0,0.018
46,4,798,19.652,0.001,0.014
46,6,1059,31.522,0.003,0.012
46,8,1059,38.037,0.004,0.011
46,10,1199,37.097,0.004,0.009
46,12,1479,33.19,0.002,0.007
46,14,1479,30.38,0.001,0.004
46,16,1481,28.272,0,0.001
46,18,1620,26.54,0,0
46,20,1620,27.613,0,0
46,22,1377,31.687,0,0.001
46,24,1377,33.465,0,0.002
46,26,1652,28.279,0,0.003
46,28,1653,18.348,0,0.005
46,30,1806,9.904,0,0.009
46,32,2084,6.87,0,0.011
46,34,2224,10.09,0,0.006
46,36,2085,20.026,0,0.003
46,38,2086,35.973,0,0.001
46,40,1945,52.385,0,0.001
46,42,1945,61.148,0,0.001
46,44,1944,59.97,0.001,0.004
46,46,1668,53.641,0.005,0.01
46,48,1808,45.87,0.011,0.018
46,50,1808,36.045,0.013,0.024
46,52,1808,24.731,0.008,0.027
46,54,1768,16.249,0.002,0.022
46,56,1492,13.733,0,0.01
46,58,1216,14.731,0,0.003
46,60,796,14.091,0,0.001
46,62,656,10.125,0,0
46,64,519,5.329,0,0
46,66,519,2.266,0,0
46,68,519,1.569,0,0
46,70,519,3.391,0,0
46,72,242,7.84,0,0
46,74,140,13.184,0,0
46,76,140,15.508,0,0
46,78,140,12.717,0,0
46,80,140,7.27,0,0
48,0,519,2.405,0,0.008
48,2,658,7.632,0,0.007
48,4,936,17.453,0.001,0.007
48,6,1059,29.167,0.002,0.008
48,8,1059,36.527,0.004,0.009
48,10,1059,36.32,0.005,0.01
48,12,1479,32.679,0.003,0.008
48,14,1341,31.425,0.001,0.005
48,16,1480,32.588,0,0.002
48,18,1761,32.63,0,0.001
48,20,1646,31.735,0,0.001
48,22,1518,32.25,0,0.002
48,24,1514,32.35,0,0.005
48,26,1652,28.165,0.001,0.009
48,28,1791,20.15,0.001,0.015
48,30,1791,13.067,0.001,0.022
48,32,1945,11.037,0,0.023
48,34,2225,14.61,0,0.017
48,36,2085,22.27,0,0.009
48,38,2225,32.501,0,0.004
48,40,2084,42.781,0,0.002
48,42,1805,49.384,0,0.002
48,44,1805,51.201,0.001,0.005
48,46,2083,50.806,0.006,0.011
48,48,2223,49.051,0.014,0.018
48,50,1808,43.008,0.017,0.023
48,52,1808,32.041,0.011,0.025
48,54,1630,21.344,0.004,0.023
48,56,1492,16.346,0.001,0.015
48,58,1353,16.155,0,0.006
48,60,1075,15.597,0,0.002
48,62,934,12.068,0,0.001
48,64,656,7.299,0,0
48,66,519,3.74,0,0
48,68,657,2.465,0,0
48,70,657,4.08,0,0
48,72,517,8.851,0,0
48,74,380,14.739,0,0
48,76,278,17.297,0,0
48,78,278,14.178,0,0
48,80,140,8.101,0,0
50,0,657,1.665,0,0.004
50,2,657,5.427,0,0.005
50,4,1057,12.855,0,0.006
50,6,1197,22.451,0.001,0.008
50,8,1197,29.63,0.004,0.01
50,10,1338,31.414,0.005,0.01
50,12,1340,31.026,0.003,0.008
50,14,1482,33.905,0.001,0.004
50,16,1621,39.044,0,0.002
50,18,1621,40.596,0,0.001
50,20,1506,37.688,0,0.001
50,22,1378,34.531,0,0.004
50,24,1794,32.424,0.002,0.01
50,26,1512,28.928,0.005,0.018
50,28,1654,23.347,0.006,0.028
50,30,1929,18.863,0.004,0.035
50,32,1945,19.426,0.003,0.035
50,34,1945,24.704,0.003,0.028
50,36,1946,30.128,0.003,0.021
50,38,2084,32.76,0.001,0.013
50,40,2083,33.92,0,0.007
50,42,1944,35.72,0,0.004
50,44,2083,39.109,0.001,0.005
50,46,2083,44.114,0.004,0.01
50,48,2083,48.177,0.01,0.016
50,50,1948,46.442,0.015,0.021
50,52,1910,37.527,0.014,0.028
50,54,1492,26.869,0.008,0.034
50,56,1492,21.199,0.003,0.03
50,58,1353,20.896,0.001,0.016
50,60,1212,20.862,0,0.006
50,62,934,17.658,0,0.002
50,64,1072,12.327,0,0.001
50,66,657,7.261,0,0
50,68,657,4.172,0,0.002
50,70,517,4.131,0,0.003
50,72,517,7.293,0,0.002
50,74,380,11.666,0,0.001
50,76,380,13.551,0,0.001
50,78,278,11.059,0,0
50,80,278,6.308,0,0
52,0,519,0.914,0,0.003
52,2,519,3.04,0,0.005
52,4,780,7.428,0,0.007
52,6,919,13.525,0.001,0.009
52,8,1059,18.846,0.002,0.011
52,10,1200,21.61,0.003,0.011
52,12,1341,24.114,0.002,0.008
52,14,1620,30.04,0.001,0.004
52,16,1621,37.569,0,0.001
52,18,1506,40.844,0,0.001
52,20,1378,38.783,0,0.002
52,22,1654,35.412,0.001,0.006
52,24,1375,32.915,0.004,0.014
52,26,1512,30.344,0.01,0.026
52,28,1512,27.067,0.013,0.038
52,30,1794,25.659,0.009,0.045
52,32,1669,29.949,0.009,0.044
52,34,1667,38.403,0.013,0.038
52,36,1811,43.35,0.012,0.031
52,38,2090,40.139,0.006,0.023
52,40,2227,32.65,0.002,0.015
52,42,2366,27.799,0.001,0.008
52,44,2360,29.231,0.001,0.006
52,46,2358,36.124,0.002,0.009
52,48,2221,43.82,0.007,0.017
52,50,2085,46.305,0.018,0.03
52,52,1770,41.171,0.028,0.05
52,54,1492,32.343,0.025,0.071
52,56,1492,26.214,0.012,0.07
52,58,1212,24.906,0.003,0.042
52,60,1212,25.085,0.001,0.017
52,62,1069,23.079,0,0.005
52,64,1072,18.224,0,0.001
52,66,797,11.98,0,0.001
52,68,657,6.789,0,0.005
52,70,517,4.578,0,0.013
52,72,517,5.358,0,0.014
52,74,380,7.257,0,0.009
52,76,380,7.869,0,0.005
52,78,278,6.208,0,0.003
52,80,278,3.481,0,0.001
54,0,404,0.533,0,0.003
54,2,519,1.693,0,0.004
54,4,657,3.962,0,0.006
54,6,780,7.034,0,0.009
54,8,780,9.764,0.001,0.011
54,10,1201,11.65,0.001,0.01
54,12,1341,14.343,0,0.007
54,14,1341,19.903,0,0.003
54,16,1644,26.863,0,0.001
54,18,1506,31.211,0,0.001
54,20,1099,31.855,0,0.002
54,22,1512,30.786,0.001,0.007
54,24,1512,29.389,0.004,0.017
54,26,1649,27.958,0.01,0.03
54,28,1789,27.028,0.014,0.043
54,30,1514,29.198,0.012,0.052
54,32,1814,37.591,0.017,0.052
54,34,1673,49.23,0.027,0.046
54,36,1534,55,0.026,0.038
54,38,2087,49.591,0.014,0.029
54,40,2365,37.255,0.005,0.02
54,42,2504,26.573,0.001,0.011
54,44,2504,23.47,0.001,0.007
54,46,2365,28.648,0.002,0.013
54,48,2221,38.03,0.009,0.029
54,50,1945,45.277,0.031,0.057
54,52,1630,45.706,0.063,0.094
54,54,1492,39.438,0.071,0.129
54,56,1212,31.242,0.042,0.134
54,58,1212,26.085,0.013,0.093
54,60,1350,24.661,0.002,0.04
54,62,1207,24.012,0,0.012
54,64,1070,20.993,0,0.003
54,66,933,15.218,0,0.003
54,68,655,9.495,0,0.012
54,70,517,6.523,0.001,0.031
54,72,517,5.972,0.001,0.042
54,74,380,5.781,0.001,0.037
54,76,380,4.757,0,0.027
54,78,278,3.089,0,0.018
54,80,278,1.533,0,0.011
56,0,404,0.765,0,0.001
56,2,542,2.092,0,0.001
56,4,542,4.089,0,0.002
56,6,803,5.882,0,0.004
56,8,918,6.511,0,0.006
56,10,947,6.317,0,0.007
56,12,947,7.058,0,0.005
56,14,947,10.199,0,0.002
56,16,1225,15.176,0,0.001
56,18,1234,19.903,0,0.001
56,20,1236,22.787,0,0.002
56,22,1374,23.318,0,0.006
56,24,1649,22.143,0.002,0.016
56,26,1649,21.001,0.005,0.032
56,28,1649,21.978,0.008,0.048
56,30,1532,27.514,0.011,0.058
56,32,1532,38.717,0.022,0.058
56,34,1535,51.317,0.034,0.052
56,36,1672,57.358,0.031,0.042
56,38,1946,52.768,0.017,0.031
56,40,2223,40.568,0.006,0.02
56,42,2503,27.668,0.001,0.012
56,44,2641,20.748,0,0.009
56,46,2641,23.12,0.001,0.022
56,48,2364,33.081,0.01,0.05
56,50,1665,44.747,0.045,0.09
56,52,1489,50.782,0.112,0.135
56,54,1210,46.812,0.145,0.175
56,56,1210,35.633,0.095,0.191
56,58,1210,25.059,0.031,0.157
56,60,1208,20.223,0.005,0.079
56,62,1067,19.578,0,0.023
56,64,793,18.4,0,0.006
56,66,933,14.792,0,0.008
56,68,655,11.248,0.001,0.024
56,70,655,10.185,0.003,0.047
56,72,518,10.164,0.005,0.058
56,74,380,8.598,0.004,0.06
56,76,380,5.476,0.001,0.057
56,78,278,2.585,0,0.05
56,80,278,0.923,0,0.041
58,0,542,1.612,0,0
58,2,542,4.203,0,0
58,4,679,7.684,0,0
58,6,940,9.876,0,0.001
58,8,1081,9.051,0,0.001
58,10,944,6.276,0,0.002
58,12,1085,4.384,0,0.002
58,14,1085,5.255,0,0.001
58,16,1233,9.074,0,0
58,18,1233,14.482,0,0
58,20,1373,18.724,0,0.001
58,22,1372,19.258,0,0.004
58,24,1372,16.611,0.001,0.012
58,26,1509,14.251,0.002,0.029
58,28,1793,15.609,0.003,0.05
58,30,1532,22.464,0.01,0.062
58,32,1393,33.65,0.022,0.061
58,34,1390,44.257,0.03,0.054
58,36,1529,49.106,0.023,0.043
58,38,1808,46.529,0.012,0.029
58,40,1944,37.926,0.004,0.017
58,42,2362,26.992,0.001,0.01
58,44,2362,19.332,0,0.009
58,46,2220,19.61,0.001,0.028
58,48,1943,28.266,0.009,0.066
58,50,2082,40.823,0.046,0.111
58,52,1764,49.23,0.126,0.158
58,54,1487,46.835,0.172,0.198
58,56,1612,34.772,0.117,0.222
58,58,1334,21.579,0.039,0.207
58,60,1192,14.425,0.007,0.126
58,62,1192,13.019,0.001,0.04
58,64,918,12.861,0,0.012
58,66,918,11.84,0,0.016
58,68,780,11.845,0.003,0.038
58,70,655,14.085,0.009,0.056
58,72,518,15.619,0.013,0.063
58,74,518,13.215,0.01,0.064
58,76,380,7.99,0.004,0.064
58,78,278,3.41,0.001,0.063
58,80,278,1.03,0,0.062
60,0,413,2.712,0,0
60,2,551,6.992,0,0
60,4,679,12.598,0,0
60,6,679,15.849,0,0
60,8,1081,13.973,0,0
60,10,1219,8.782,0,0
60,12,1232,4.581,0,0
60,14,1232,4.069,0,0
60,16,1094,7.703,0,0
60,18,1095,14.049,0,0
60,20,1096,19.29,0,0.001
60,22,1096,19.628,0,0.003
60,24,1233,15.543,0,0.007
60,26,1370,11.388,0,0.022
60,28,1532,11.268,0.002,0.047
60,30,1532,16.491,0.007,0.062
60,32,1532,24.929,0.017,0.062
60,34,1386,32.343,0.02,0.054
60,36,1524,36.164,0.013,0.04
60,38,1665,36.187,0.006,0.024
60,40,1665,32.391,0.002,0.013
60,42,2219,25.857,0,0.006
60,44,2219,20.137,0,0.006
60,46,2498,18.865,0.001,0.023
60,48,2084,23.2,0.005,0.063
60,50,1945,31.139,0.027,0.116
60,52,1903,37.185,0.075,0.165
60,54,1886,35.546,0.105,0.206
60,56,1472,26.185,0.072,0.233
60,58,1193,15.638,0.025,0.226
60,60,1331,9.906,0.005,0.145
60,62,1055,9.021,0.001,0.046
60,64,918,9.525,0,0.014
60,66,918,9.846,0.001,0.022
60,68,640,11.644,0.004,0.044
60,70,503,15.47,0.012,0.059
60,72,518,17.77,0.018,0.064
60,74,518,15.112,0.013,0.065
60,76,380,9.086,0.005,0.065
60,78,278,3.827,0.001,0.065
60,80,278,1.127,0,0.065
62,0,413,3.584,0,0
62,2,413,9.037,0,0
62,4,413,15.962,0,0
62,6,691,19.754,0,0
62,8,970,17.13,0,0
62,10,1231,10.536,0,0
62,12,1231,5.167,0,0
62,14,1649,4.042,0,0
62,16,1511,7.43,0,0
62,18,1375,13.811,0,0.001
62,20,1097,19.479,0,0.002
62,22,1236,20.687,0,0.003
62,24,1372,17.235,0,0.007
62,26,1531,12.415,0.001,0.015
62,28,2083,9.906,0.001,0.034
62,30,1945,11.435,0.003,0.054
62,32,2082,15.943,0.008,0.057
62,34,1938,20.995,0.009,0.047
62,36,2076,25.504,0.005,0.031
62,38,1659,29.013,0.002,0.015
62,40,1800,30.256,0.001,0.006
62,42,1943,28.91,0,0.002
62,44,2219,26.362,0,0.002
62,46,2081,23.541,0,0.01
62,48,1805,21.46,0.002,0.038
62,50,1668,21.404,0.008,0.093
62,52,2068,22.188,0.023,0.153
62,54,1886,20.411,0.032,0.198
62,56,1749,15.282,0.023,0.22
62,58,1331,10.309,0.009,0.189
62,60,1332,8.977,0.003,0.088
62,62,1332,10.584,0.001,0.022
62,64,1056,11.784,0,0.007
62,66,1056,11.299,0,0.015
62,68,503,11.298,0.002,0.037
62,70,503,13.236,0.008,0.056
62,72,503,14.526,0.012,0.063
62,74,378,12.202,0.009,0.065
62,76,276,7.312,0.003,0.065
62,78,138,3.071,0.001,0.065
62,80,138,0.901,0,0.065
64,0,413,4.393,0,0
64,2,413,10.594,0,0
64,4,553,17.988,0,0
64,6,553,21.488,0,0
64,8,832,18.138,0,0
64,10,972,11.048,0,0
64,12,1109,5.643,0,0
64,14,1232,4.544,0,0
64,16,1511,7.473,0,0.001
64,18,1374,12.791,0,0.002
64,20,1376,18.03,0,0.004
64,22,1391,20.776,0.001,0.006
64,24,1391,19.864,0.002,0.009
64,26,1946,15.92,0.002,0.013
64,28,1943,11.385,0.001,0.02
64,30,1804,9.13,0.001,0.034
64,32,2079,10.084,0.002,0.041
64,34,2076,13.599,0.002,0.032
64,36,1937,19.256,0.001,0.017
64,38,1939,26.046,0.001,0.007
64,40,1937,32.083,0,0.002
64,42,2075,36.398,0,0.001
64,44,1944,37.872,0,0.001
64,46,1668,34.22,0,0.003
64,48,1668,26.247,0.001,0.013
64,50,1793,18.699,0.002,0.042
64,52,1791,14.325,0.004,0.092
64,54,1506,11.636,0.006,0.134
64,56,1746,9.384,0.004,0.138
64,58,1609,9.172,0.002,0.082
64,60,1332,12.508,0.001,0.024
64,62,1195,17.172,0.001,0.005
64,64,1058,18.68,0,0.002
64,66,641,15.632,0,0.006
64,68,641,11.465,0.001,0.02
64,70,641,9.432,0.002,0.044
64,72,503,8.705,0.004,0.059
64,74,276,6.952,0.003,0.064
64,76,276,4.121,0.001,0.065
64,78,138,1.725,0,0.065
64,80,138,0.506,0,0.065
66,0,413,5.826,0,0
66,2,553,13.477,0,0
66,4,553,21.957,0,0
66,6,691,25.314,0,0
66,8,831,20.926,0,0
66,10,972,13.1,0,0
66,12,1109,7.82,0,0
66,14,1247,7.331,0,0
66,16,1247,10.352,0,0.001
66,18,1247,14.479,0,0.003
66,20,1114,18.202,0,0.006
66,22,1529,21.142,0.002,0.009
66,24,1526,22.154,0.003,0.011
66,26,1668,19.736,0.003,0.013
66,28,1805,15.017,0.001,0.013
66,30,1942,11.202,0,0.014
66,32,1802,10.019,0,0.015
66,34,1799,11.592,0,0.012
66,36,1799,16.11,0,0.006
66,38,1938,23.421,0,0.002
66,40,1801,32.61,0,0.001
66,42,1799,42.311,0,0
66,44,2080,48.605,0,0.001
66,46,1530,46.17,0.001,0.002
66,48,1530,35.571,0.001,0.005
66,50,1515,23.927,0.001,0.012
66,52,1513,16.411,0.001,0.024
66,54,1507,12.394,0.001,0.035
66,56,1507,10.615,0.001,0.033
66,58,1472,12.564,0.001,0.016
66,60,1196,18.792,0,0.004
66,62,1058,25.16,0,0.001
66,64,920,25.751,0,0.001
66,66,641,19.597,0,0.002
66,68,641,11.608,0,0.008
66,70,641,6.388,0,0.025
66,72,539,4.133,0.001,0.049
66,74,401,2.86,0,0.061
66,76,276,1.631,0,0.064
66,78,138,0.675,0,0.065
66,80,138,0.198,0,0.065
68,0,553,7.56,0,0
68,2,553,17.281,0,0
68,4,553,27.89,0,0
68,6,691,32.103,0,0
68,8,831,27.17,0,0
68,10,972,18.618,0,0
68,12,1247,13.458,0,0
68,14,1247,13.958,0,0
68,16,1384,17.898,0,0.001
68,18,1663,21.275,0,0.003
68,20,1527,22.295,0,0.007
68,22,1801,22.547,0.002,0.012
68,24,1800,22.914,0.003,0.014
68,26,1662,22.226,0.003,0.013
68,28,1806,20.65,0.001,0.009
68,30,1529,19.513,0,0.005
68,32,1805,18.565,0,0.003
68,34,1799,17.135,0,0.002
68,36,1938,16.735,0,0.001
68,38,1941,20.026,0,0.001
68,40,1804,28.529,0,0
68,42,1943,40.878,0,0.001
68,44,1526,51.171,0.001,0.002
68,46,1530,52.233,0.002,0.003
68,48,1670,43.605,0.003,0.005
68,50,1655,32.305,0.002,0.006
68,52,1787,24.012,0.001,0.007
68,54,1647,18.636,0,0.006
68,56,1647,15.674,0,0.005
68,58,1510,17.523,0,0.002
68,60,957,24.384,0,0.001
68,62,818,30.414,0,0
68,64,780,29.029,0,0
68,66,678,20.432,0,0
68,68,539,10.685,0,0.002
68,70,539,4.451,0,0.01
68,72,539,1.829,0,0.03
68,74,539,0.911,0,0.052
68,76,276,0.46,0,0.062
68,78,138,0.184,0,0.065
68,80,138,0.054,0,0.065
70,0,692,8.019,0,0
70,2,692,18.468,0,0
70,4,692,30.224,0,0
70,6,970,35.804,0,0
70,8,831,32.314,0,0
70,10,831,25.25,0,0
70,12,1384,21.419,0,0
70,14,1522,23.085,0,0.001
70,16,1662,27.979,0,0.002
70,18,1663,30.998,0,0.005
70,20,1527,29.288,0.001,0.011
70,22,1801,25.527,0.002,0.018
70,24,1801,23.526,0.003,0.02
70,26,1800,24.75,0.002,0.014
70,28,1944,29.303,0.001,0.007
70,30,1806,34.951,0,0.002
70,32,1387,36.672,0,0.001
70,34,1663,31.62,0,0
70,36,1804,23.247,0,0
70,38,1667,18.434,0,0
70,40,1806,21.669,0,0.001
70,42,1667,32.013,0.001,0.002
70,44,1529,43.33,0.002,0.003
70,46,1389,48.206,0.004,0.005
70,48,1252,44.479,0.005,0.007
70,50,1655,36.632,0.004,0.007
70,52,1787,29.318,0.001,0.005
70,54,1787,23.202,0,0.003
70,56,1510,19.012,0,0.001
70,58,1235,20.068,0,0
70,60,819,26.44,0,0
70,62,680,31.434,0,0
70,64,818,28.475,0,0
70,66,818,18.858,0,0
70,68,679,9.1,0,0.001
70,70,679,3.264,0,0.004
70,72,679,0.95,0,0.013
70,74,679,0.283,0,0.035
70,76,276,0.096,0,0.057
70,78,138,0.035,0,0.065
70,80,138,0.01,0,0.065
72,0,692,6.53,0,0.002
72,2,692,15.031,0,0.001
72,4,692,25.089,0,0
72,6,970,31.13,0,0
72,8,970,30.89,0,0
72,10,969,28.097,0,0
72,12,1244,27.179,0,0
72,14,1662,29.896,0,0.001
72,16,1524,35.23,0,0.004
72,18,1802,38.814,0.001,0.009
72,20,1527,36.939,0.005,0.019
72,22,1927,31.52,0.008,0.029
72,24,1927,27.567,0.007,0.031
72,26,1787,29.545,0.003,0.019
72,28,1787,39.061,0.001,0.007
72,30,1929,51.339,0,0.002
72,32,1789,56.435,0,0
72,34,2068,48.558,0,0
72,36,1943,32.571,0,0
72,38,1388,19.214,0,0
72,40,1527,15.487,0,0.002
72,42,1667,20.953,0,0.004
72,44,1528,30.17,0.002,0.006
72,46,1389,36.635,0.004,0.008
72,48,1115,36.979,0.006,0.009
72,50,1378,32.809,0.004,0.009
72,52,1234,27.246,0.001,0.006
72,54,1372,21.593,0,0.003
72,56,1372,17.504,0,0.001
72,58,957,18.48,0,0
72,60,959,24.599,0,0
72,62,820,29.338,0,0
72,64,680,26.379,0,0
72,66,680,17.179,0,0.001
72,68,679,8.104,0,0.003
72,70,679,2.823,0,0.008
72,72,679,0.764,0,0.019
72,74,679,0.178,0,0.039
72,76,278,0.028,0,0.086
74,0,554,4.732,0,0.014
74,2,692,9.725,0,0.006
74,4,692,15.874,0,0.002
74,6,970,20.619,0,0.001
74,8,970,22.941,0,0
74,10,1245,24.343,0,0
74,12,1106,26.195,0,0
74,14,1383,29.597,0,0.002
74,16,1383,35.378,0.001,0.006
74,18,1790,41.362,0.004,0.015
74,20,1653,43.57,0.014,0.026
74,22,1927,40.912,0.022,0.036
74,24,1786,36.34,0.019,0.037
74,26,1785,35.853,0.008,0.024
74,28,1785,43.946,0.003,0.009
74,30,1929,56.753,0.001,0.002
74,32,1788,62.829,0,0
74,34,1791,54.394,0,0
74,36,1930,35.869,0,0
74,38,1527,18.964,0,0.001
74,40,1527,11.533,0,0.003
74,42,1667,13.473,0,0.007
74,44,1528,19.968,0.001,0.01
74,46,1389,25.483,0.003,0.011
74,48,1115,26.867,0.003,0.011
74,50,1234,24.706,0.002,0.01
74,52,1234,20.93,0.001,0.006
74,54,1372,16.547,0,0.003
74,56,1097,13.307,0,0.001
74,58,1097,14.449,0,0
74,60,959,20.228,0,0
74,62,820,25.149,0,0.001
74,64,820,23.442,0,0.002
74,66,541,15.947,0,0.006
74,68,541,8.141,0,0.015
74,70,541,3.321,0,0.031
74,72,541,1.169,0,0.055
74,74,541,0.362,0,0.076
74,76,278,0.09,0,0.09
74,78,140,0.017,0,0.099
76,0,554,5.3,0.001,0.044
76,2,554,7.14,0.001,0.029
76,4,554,8.988,0,0.015
76,6,832,10.963,0,0.005
76,8,832,13.267,0,0.001
76,10,1245,16.013,0,0
76,12,1245,18.783,0,0.001
76,14,1246,22.403,0,0.003
76,16,1383,29.166,0.001,0.01
76,18,1649,39.176,0.006,0.019
76,20,1512,48.383,0.021,0.029
76,22,1786,51.585,0.034,0.035
76,24,1925,47.505,0.027,0.034
76,26,1785,41.755,0.011,0.024
76,28,1785,41.774,0.003,0.011
76,30,1647,47.574,0.001,0.003
76,32,1507,50.666,0,0.001
76,34,1790,43.657,0,0
76,36,1655,28.806,0,0
76,38,1653,15.166,0,0.001
76,40,1667,9.329,0,0.006
76,42,1806,11.364,0.001,0.012
76,44,1528,16.895,0.002,0.014
76,46,1245,20.899,0.003,0.013
76,48,971,21.427,0.002,0.012
76,50,1234,19.947,0.001,0.009
76,52,1234,17.631,0,0.005
76,54,1096,14.143,0,0.002
76,56,1097,10.725,0,0.001
76,58,1099,10.609,0,0
76,60,959,14.661,0,0.001
76,62,820,18.983,0,0.003
76,64,820,18.989,0.001,0.009
76,66,541,14.673,0.002,0.021
76,68,541,9.401,0.002,0.042
76,70,541,5.304,0.001,0.066
76,72,541,2.578,0,0.083
76,74,278,0.991,0,0.093
76,76,278,0.285,0,0.096
76,78,140,0.058,0,0.099
76,80,140,0.008,0,0.099
78,0,554,9.468,0.005,0.058
78,2,554,9.254,0.004,0.054
78,4,554,7.343,0.001,0.042
78,6,694,5.948,0,0.023
78,8,832,6.269,0,0.007
78,10,1245,7.91,0,0.001
78,12,1385,10.005,0,0.002
78,14,1246,13.433,0,0.006
78,16,1234,21.182,0.001,0.013
78,18,1373,34.797,0.006,0.02
78,20,1512,50.224,0.018,0.026
78,22,1925,59.018,0.028,0.028
78,24,1925,56.256,0.022,0.026
78,26,1785,46.256,0.009,0.019
78,28,1785,37.668,0.002,0.01
78,30,1647,34.244,0,0.003
78,32,1507,32.285,0,0.001
78,34,1510,26.642,0,0
78,36,1234,17.453,0,0
78,38,1511,9.764,0,0.003
78,40,1385,7.83,0,0.01
78,42,1385,11.787,0.002,0.015
78,44,1245,17.752,0.004,0.015
78,46,1245,21.074,0.004,0.014
78,48,971,21.001,0.003,0.011
78,50,833,20.186,0.001,0.007
78,52,1096,19.109,0,0.003
78,54,959,15.742,0,0.001
78,56,961,10.822,0,0.001
78,58,961,8.06,0,0.001
78,60,820,9.234,0,0.004
78,62,820,12.254,0.001,0.013
78,64,820,14.196,0.003,0.028
78,66,541,14.22,0.006,0.051
78,68,541,12.583,0.009,0.073
78,70,403,9.307,0.006,0.087
78,72,278,5.306,0.002,0.094
78,74,278,2.209,0,0.097
78,76,140,0.648,0,0.099
78,78,140,0.135,0,0.099
78,80,140,0.02,0,0.099
80,0,414,15.031,0.012,0.061
80,2,554,13.67,0.01,0.06
80,4,554,8.952,0.004,0.057
80,6,554,4.708,0.001,0.048
80,8,694,2.909,0,0.023
80,10,1245,3.021,0,0.005
80,12,1385,4.107,0,0.003
80,14,1108,6.993,0,0.009
80,16,1097,14.594,0.001,0.015
80,18,1097,28.893,0.004,0.019
80,20,1514,46.199,0.012,0.021
80,22,1788,57.52,0.017,0.02
80,24,1785,56.971,0.012,0.018
80,26,1925,47.431,0.004,0.013
80,28,1650,36.147,0.001,0.007
80,30,1510,27.848,0,0.003
80,32,1510,22.209,0,0.001
80,34,1650,16.535,0,0
80,36,1097,10.31,0,0.001
80,38,1234,6.067,0,0.004
80,40,1511,6.275,0,0.012
80,42,1246,10.828,0.002,0.015
80,44,1107,16.511,0.004,0.015
80,46,833,19.476,0.004,0.014
80,48,833,19.722,0.003,0.01
80,50,696,20.006,0.001,0.005
80,52,834,20.007,0,0.002
80,54,821,16.796,0,0.001
80,56,961,10.903,0,0
80,58,961,6.269,0,0.002
80,60,682,5.258,0,0.013
80,62,682,7.281,0.001,0.035
80,64,543,11.002,0.005,0.06
80,66,403,14.983,0.014,0.079
80,68,403,16.622,0.021,0.09
80,70,278,13.877,0.016,0.095
80,72,278,8.352,0.006,0.097
80,74,278,3.549,0.001,0.098
80,76,140,1.055,0,0.099
80,78,140,0.22,0,0.099
80,80,140,0.032,0,0.099
82,0,276,17.268,0.017,0.061
82,2,416,15.525,0.013,0.061
82,4,554,9.794,0.005,0.061
82,6,554,4.448,0.001,0.058
82,8,556,1.704,0,0.046
82,10,831,1.015,0,0.017
82,12,1247,1.445,0,0.008
82,14,971,3.487,0,0.012
82,16,1097,9.36,0,0.016
82,18,1097,20.701,0.002,0.017
82,20,1236,34.875,0.007,0.017
82,22,1654,45.219,0.009,0.016
82,24,1788,47.379,0.005,0.013
82,26,1650,42.839,0.002,0.008
82,28,1650,35.596,0,0.004
82,30,1510,28.623,0,0.001
82,32,1510,22.454,0,0
82,34,1650,15.936,0,0
82,36,1237,9.332,0,0
82,38,1237,4.95,0,0.003
82,40,958,4.483,0,0.012
82,42,832,7.482,0.001,0.015
82,44,697,11.398,0.002,0.015
82,46,557,13.61,0.002,0.014
82,48,558,14.309,0.001,0.01
82,50,558,15.373,0.001,0.005
82,52,696,16.007,0,0.002
82,54,696,13.617,0,0
82,56,836,8.648,0,0
82,58,822,4.359,0,0.003
82,60,543,2.886,0,0.027
82,62,543,4.491,0.001,0.064
82,64,543,8.89,0.005,0.084
82,66,403,14.563,0.017,0.093
82,68,278,17.699,0.027,0.096
82,70,278,15.366,0.021,0.098
82,72,278,9.388,0.008,0.098
82,74,140,4.008,0.001,0.099
82,76,140,1.197,0,0.099
82,78,140,0.249,0,0.099
82,80,140,0.036,0,0.099
84,0,139,13.898,0.011,0.061
84,2,139,12.472,0.009,0.061
84,4,416,7.817,0.003,0.061
84,6,416,3.438,0.001,0.061
84,8,416,1.105,0,0.057
84,10,694,0.379,0,0.037
84,12,694,0.487,0,0.013
84,14,959,1.635,0,0.015
84,16,959,5.032,0,0.016
84,18,959,11.714,0.001,0.017
84,20,1098,20.393,0.003,0.016
84,22,1098,27.731,0.003,0.013
84,24,1376,31.732,0.002,0.009
84,26,1650,32.817,0.001,0.005
84,28,1510,31.849,0,0.002
84,30,1510,29.374,0,0.001
84,32,1510,25.108,0,0
84,34,1375,18.374,0,0
84,36,1237,10.609,0,0
84,38,958,4.92,0,0.002
84,40,959,2.919,0,0.009
84,42,558,3.784,0,0.015
84,44,558,5.598,0,0.015
84,46,419,6.788,0.001,0.013
84,48,419,7.47,0,0.009
84,50,419,8.48,0,0.004
84,52,419,9.121,0,0.001
84,54,418,7.841,0,0
84,56,558,4.954,0,0
84,58,418,2.379,0,0.005
84,60,418,1.488,0,0.041
84,62,418,2.723,0,0.083
84,64,418,6.263,0.003,0.094
84,66,278,11,0.01,0.097
84,68,278,13.754,0.017,0.098
84,70,278,12.072,0.013,0.098
84,72,278,7.407,0.005,0.099
84,74,140,3.17,0.001,0.099
84,76,140,0.947,0,0.099
84,78,140,0.197,0,0.099
84,80,140,0.029,0,0.099
86,0,277,7.816,0.003,0.061
86,2,277,7.017,0.003,0.061
86,4,277,4.392,0.001,0.061
86,6,139,1.911,0,0.061
86,8,279,0.589,0,0.06
86,10,554,0.155,0,0.051
86,12,554,0.161,0,0.021
86,14,833,0.634,0,0.017
86,16,959,2.081,0,0.017
86,18,819,4.972,0,0.017
86,20,1098,9.001,0.001,0.015
86,22,1098,13.211,0.001,0.012
86,24,958,17.281,0,0.007
86,26,1097,21.282,0,0.003
86,28,1375,24.538,0,0.001
86,30,1510,25.824,0,0
86,32,1372,23.731,0,0
86,34,1098,17.768,0,0
86,36,1098,10.182,0,0
86,38,819,4.395,0,0.001
86,40,545,1.786,0,0.005
86,42,419,1.449,0,0.013
86,44,419,1.941,0,0.015
86,46,280,2.381,0,0.013
86,48,280,2.754,0,0.008
86,50,280,3.297,0,0.003
86,52,280,3.649,0,0.001
86,54,280,3.166,0,0
86,56,420,1.996,0,0
86,58,418,0.957,0,0.007
86,60,418,0.641,0,0.052
86,62,418,1.365,0,0.091
86,64,418,3.338,0.001,0.097
86,66,278,5.988,0.003,0.098
86,68,278,7.548,0.005,0.098
86,70,140,6.641,0.004,0.099
86,72,140,4.081,0.001,0.099
86,74,140,1.748,0,0.099
86,76,140,0.522,0,0.099
86,78,140,0.109,0,0.099
86,80,140,0.016,0,0.099
88,0,277,3.154,0.001,0.059
88,2,277,2.85,0,0.059
88,4,277,1.798,0,0.058
88,6,277,0.792,0,0.058
88,8,277,0.244,0,0.057
88,10,139,0.048,0,0.061
88,12,414,0.046,0,0.025
88,14,275,0.181,0,0.019
88,16,541,0.626,0,0.018
88,18,819,1.559,0,0.017
88,20,958,3.024,0,0.014
88,22,958,5.138,0,0.009
88,24,958,8.414,0,0.004
88,26,958,13.135,0,0.002
88,28,820,18.187,0,0
88,30,820,21.122,0,0
88,32,683,19.757,0,0
88,34,545,14.352,0,0
88,36,545,7.839,0,0
88,38,545,3.17,0,0
88,40,419,1.022,0,0.002
88,42,559,0.467,0,0.01
88,44,419,0.481,0,0.014
88,46,280,0.586,0,0.012
88,48,280,0.715,0,0.007
88,50,280,0.9,0,0.003
88,52,280,1.021,0,0.001
88,54,280,0.893,0,0
88,56,140,0.559,0,0
88,58,280,0.273,0,0.009
88,60,280,0.207,0,0.062
88,62,280,0.502,0,0.095
88,64,140,1.263,0,0.099
88,66,140,2.291,0,0.099
88,68,140,2.897,0.001,0.099
88,70,254,2.56,0.001,0.098
88,72,254,1.583,0,0.098
88,74,254,0.69,0,0.096
88,76,254,0.217,0,0.091
88,78,254,0.052,0,0.079
88,80,140,0.006,0,0.099
90,0,277,1.394,0,0.037
90,2,277,1.361,0,0.034
90,4,277,0.936,0,0.031
90,6,277,0.453,0,0.028
90,8,277,0.154,0,0.025
90,10,277,0.037,0,0.022
90,12,138,0.007,0,0.026
90,14,275,0.039,0,0.02
90,16,401,0.136,0,0.019
90,18,681,0.372,0,0.016
90,20,681,0.866,0,0.011
90,22,820,2.069,0,0.005
90,24,820,4.9,0,0.002
90,26,820,10.043,0,0
90,28,820,16.131,0,0
90,30,683,19.488,0,0
90,32,545,17.472,0,0
90,34,405,11.573,0,0
90,36,405,5.654,0,0
90,38,545,2.037,0,0
90,40,419,0.552,0,0.001
90,42,419,0.147,0,0.005
90,44,419,0.088,0,0.013
90,46,280,0.101,0,0.012
90,48,280,0.13,0,0.007
90,50,280,0.172,0,0.003
90,52,280,0.199,0,0.001
90,54,140,0.173,0,0
90,56,140,0.11,0,0
90,58,280,0.056,0,0.012
90,60,280,0.05,0,0.069
90,62,140,0.13,0,0.099
90,64,140,0.339,0,0.099
90,66,140,0.614,0,0.099
90,68,254,0.798,0,0.096
90,70,254,0.741,0,0.091
90,72,254,0.528,0,0.079
90,74,254,0.321,0,0.055
90,76,254,0.182,0,0.029
90,78,254,0.093,0,0.012
90,80,114,0.036,0,0
92,0,277,2.366,0,0.004
92,2,277,2.558,0,0.003
92,4,277,1.932,0,0.003
92,6,277,1.019,0,0.002
92,8,277,0.375,0,0.002
92,10,138,0.094,0,0
92,12,138,0.017,0,0
92,16,138,0.016,0,0.026
92,18,541,0.083,0,0.012
92,20,541,0.318,0,0.005
92,22,820,1.242,0,0.001
92,24,820,3.942,0,0
92,26,683,9.307,0,0
92,28,683,15.806,0,0
92,30,405,19.084,0,0
92,32,405,16.378,0,0
92,34,405,10.009,0,0
92,36,405,4.379,0,0
92,38,279,1.377,0,0
92,40,279,0.315,0,0
92,42,279,0.053,0,0
92,44,140,0.008,0,0.016
92,46,140,0.008,0,0.016
92,48,280,0.017,0,0.006
92,50,140,0.02,0,0
92,52,140,0.026,0,0
92,54,140,0.024,0,0
92,56,140,0.015,0,0
92,58,140,0.007,0,0
92,60,140,0.007,0,0.099
92,62,140,0.024,0,0.099
92,64,140,0.063,0,0.099
92,66,254,0.144,0,0.079
92,68,254,0.258,0,0.055
92,70,254,0.433,0,0.029
92,72,254,0.653,0,0.012
92,74,254,0.786,0,0.004
92,76,254,0.698,0,0.001
92,78,114,0.438,0,0
92,80,114,0.195,0,0
94,0,277,6.08,0,0
94,2,277,6.65,0,0
94,4,277,5.071,0,0
94,6,138,2.691,0,0
94,8,138,0.998,0,0
94,10,138,0.258,0,0
94,12,138,0.047,0,0
94,14,138,0.006,0,0
94,18,140,0.023,0,0
94,20,404,0.185,0,0.001
94,22,404,0.891,0,0
94,24,543,3.104,0,0
94,26,405,7.591,0,0
94,28,405,13.03,0,0
94,30,405,15.66,0,0
94,32,405,13.184,0,0
94,34,405,7.785,0,0
94,36,279,3.229,0,0
94,38,279,0.946,0,0
94,40,279,0.197,0,0
94,42,279,0.029,0,0
94,64,254,0.028,0,0.029
94,66,254,0.124,0,0.012
94,68,254,0.441,0,0.004
94,70,254,1.156,0,0.001
94,72,254,2.153,0,0
94,74,114,2.808,0,0
94,76,114,2.566,0,0
94,78,114,1.635,0,0
94,80,114,0.726,0,0
96,0,221,11.611,0,0
96,2,221,12.712,0,0
96,4,221,9.703,0,0
96,6,221,5.165,0,0
96,8,221,1.917,0,0
96,10,138,0.494,0,0
96,12,138,0.089,0,0
96,14,138,0.011,0,0
96,18,140,0.014,0,0
96,20,140,0.103,0,0
96,22,140,0.524,0,0
96,24,266,1.861,0,0
96,26,405,4.587,0,0
96,28,405,7.881,0,0
96,30,405,9.449,0,0
96,32,279,7.903,0,0
96,34,279,4.62,0,0
96,36,279,1.887,0,0
96,38,279,0.539,0,0
96,40,140,0.103,0,0
96,42,140,0.014,0,0
96,62,114,0.006,0,0
96,64,114,0.051,0,0
96,66,114,0.284,0,0
96,68,114,1.099,0,0
96,70,114,2.964,0,0
96,72,114,5.572,0,0
96,74,114,7.303,0,0
96,76,114,6.674,0,0
96,78,114,4.251,0,0
96,80,114,1.888,0,0
98,0,221,15.57,0,0
98,2,221,17.072,0,0
98,4,221,13.059,0,0
98,6,221,6.97,0,0
98,8,221,2.597,0,0
98,10,221,0.675,0,0
98,12,138,0.119,0,0
98,14,138,0.015,0,0
98,18,140,0.006,0,0
98,20,140,0.044,0,0
98,22,140,0.225,0,0
98,24,140,0.794,0,0
98,26,140,1.956,0,0
98,28,140,3.36,0,0
98,30,140,4.024,0,0
98,32,279,3.366,0,0
98,34,279,1.962,0,0
98,36,140,0.794,0,0
98,38,140,0.225,0,0
98,40,140,0.044,0,0
98,42,140,0.006,0,0
98,62,114,0.012,0,0
98,64,114,0.093,0,0
98,66,114,0.515,0,0
98,68,114,1.993,0,0
98,70,114,5.375,0,0
98,72,114,10.105,0,0
98,74,114,13.244,0,0
98,76,114,12.102,0,0
98,78,114,7.709,0,0
98,80,114,3.424,0,0
100,0,221,14.861,0,0
100,2,221,16.432,0,0
100,4,221,12.708,0,0
100,6,221,6.881,0,0
100,8,221,2.612,0,0
100,10,221,0.696,0,0
100,12,221,0.13,0,0
100,14,138,0.014,0,0
100,20,140,0.013,0,0
100,22,140,0.067,0,0
100,24,140,0.237,0,0
100,26,140,0.584,0,0
100,28,140,1.003,0,0
100,30,140,1.202,0,0
100,32,140,1.003,0,0
100,34,140,0.584,0,0
100,36,140,0.237,0,0
100,38,140,0.067,0,0
100,40,140,0.013,0,0
100,62,114,0.015,0,0
100,64,114,0.117,0,0
100,66,114,0.651,0,0
100,68,114,2.52,0,0
100,70,114,6.795,0,0
100,72,114,12.775,0,0
100,74,114,16.743,0,0
100,76,114,15.299,0,0
100,78,114,9.747,0,0
100,80,114,4.329,0,0
102,0,221,10.965,0,0
102,2,221,12.594,0,0
102,4,221,10.214,0,0
102,6,221,5.863,0,0
102,8,221,2.387,0,0
102,10,221,0.69,0,0
102,12,221,0.142,0,0
102,14,221,0.021,0,0
102,22,140,0.014,0,0
102,24,140,0.049,0,0
102,26,140,0.122,0,0
102,28,140,0.209,0,0
102,30,140,0.25,0,0
102,32,140,0.209,0,0
102,34,140,0.122,0,0
102,36,140,0.049,0,0
102,38,140,0.014,0,0
102,62,114,0.013,0,0
102,64,114,0.104,0,0
102,66,114,0.574,0,0
102,68,114,2.221,0,0
102,70,114,5.989,0,0
102,72,253,11.27,0,0
102,74,253,14.774,0,0
102,76,253,13.504,0,0
102,78,253,8.605,0,0
102,80,253,3.823,0,0
104,0,221,8.225,0,0
104,2,221,10.466,0,0
104,4,221,9.477,0,0
104,6,221,6.099,0,0
104,8,221,2.786,0,0
104,10,221,0.901,0,0
104,12,221,0.206,0,0
104,14,83,0.029,0,0
104,24,140,0.007,0,0
104,26,140,0.018,0,0
104,28,140,0.03,0,0
104,30,140,0.036,0,0
104,32,140,0.03,0,0
104,34,140,0.018,0,0
104,36,140,0.007,0,0
104,62,114,0.008,0,0
104,64,114,0.064,0,0
104,66,114,0.353,0,0
104,68,253,1.376,0,0
104,70,253,3.716,0,0
104,72,253,7,0,0
104,74,253,9.198,0,0
104,76,253,8.431,0,0
104,78,253,5.391,0,0
104,80,253,2.405,0,0
106,0,221,8.205,0,0
106,2,221,11.495,0,0
106,4,221,11.332,0,0
106,6,221,7.847,0,0
106,8,221,3.81,0,0
106,10,221,1.296,0,0
106,12,221,0.308,0,0
106,14,83,0.05,0,0
106,16,83,0.006,0,0
106,64,114,0.027,0,0
106,66,253,0.163,0,0
106,68,253,0.642,0,0
106,70,253,1.766,0,0
106,72,253,3.399,0,0
106,74,253,4.579,0,0
106,76,253,4.324,0,0
106,78,253,2.863,0,0
106,80,253,1.33,0,0
108,0,221,8.524,0,0
108,2,221,12.342,0,0
108,4,221,12.485,0,0
108,6,221,8.819,0,0
108,8,221,4.348,0,0
108,10,221,1.496,0,0
108,12,83,0.357,0,0
108,14,83,0.06,0,0
108,16,83,0.007,0,0
108,64,253,0.015,0,0
108,66,253,0.091,0,0
108,68,253,0.39,0,0
108,70,253,1.178,0,0
108,72,253,2.507,0,0
108,74,253,3.752,0,0
108,76,253,3.948,0,0
108,78,253,2.918,0,0
108,80,253,1.515,0,0
110,0,221,6.918,0,0
110,2,221,10.087,0,0
110,4,221,10.258,0,0
110,6,221,7.275,0,0
110,8,221,3.598,0,0
110,10,83,1.239,0,0
110,12,83,0.298,0,0
110,14,83,0.05,0,0
110,16,83,0.006,0,0
110,64,139,0.018,0,0
110,66,253,0.128,0,0
110,68,253,0.596,0,0
110,70,253,1.937,0,0
110,72,253,4.401,0,0
110,74,253,6.981,0,0
110,76,253,7.731,0,0
110,78,253,5.975,0,0
110,80,253,3.222,0,0
112,0,83,4.001,0,0
112,2,83,5.843,0,0
112,4,83,5.949,0,0
112,6,83,4.223,0,0
112,8,83,2.09,0,0
112,10,83,0.721,0,0
112,12,83,0.173,0,0
112,14,83,0.029,0,0
112,64,139,0.032,0,0
112,66,139,0.215,0,0
112,68,139,1.014,0,0
112,70,253,3.35,0,0
112,72,253,7.674,0,0
112,74,253,12.257,0,0
112,76,253,13.651,0,0
112,78,253,10.6,0,0
112,80,253,5.739,0,0
114,0,83,1.624,0,0
114,2,83,2.371,0,0
114,4,83,2.414,0,0
114,6,83,1.714,0,0
114,8,83,0.848,0,0
114,10,83,0.293,0,0
114,12,83,0.07,0,0
114,14,83,0.012,0,0
114,64,139,0.04,0,0
114,66,139,0.272,0,0
114,68,139,1.282,0,0
114,70,139,4.217,0,0
114,72,139,9.667,0,0
114,74,139,15.451,0,0
114,76,139,17.217,0,0
114,78,139,13.375,0,0
114,80,139,7.244,0,0
116,0,83,0.459,0,0
116,2,83,0.671,0,0
116,4,83,0.683,0,0
116,6,83,0.485,0,0
116,8,83,0.24,0,0
116,10,83,0.083,0,0
116,12,83,0.02,0,0
116,64,139,0.035,0,0
116,66,139,0.24,0,0
116,68,139,1.13,0,0
116,70,139,3.717,0,0
116,72,139,8.521,0,0
116,74,139,13.619,0,0
116,76,139,15.175,0,0
116,78,139,11.789,0,0
116,80,139,6.385,0,0
118,0,83,0.091,0,0
118,2,83,0.132,0,0
118,4,83,0.135,0,0
118,6,83,0.096,0,0
118,8,83,0.047,0,0
118,10,83,0.016,0,0
118,64,139,0.022,0,0
118,66,139,0.147,0,0
118,68,139,0.695,0,0
118,70,139,2.284,0,0
118,72,139,5.236,0,0
118,74,139,8.369,0,0
118,76,139,9.325,0,0
118,78,139,7.244,0,0
118,80,139,3.923,0,0
120,0,83,0.012,0,0
120,2,83,0.018,0,0
120,4,83,0.019,0,0
120,6,83,0.013,0,0
120,8,83,0.007,0,0
120,64,139,0.009,0,0
120,66,139,0.063,0,0
120,68,139,0.298,0,0
120,70,139,0.978,0,0
120,72,139,2.243,0,0
120,74,139,3.585,0,0
120,76,139,3.995,0,0
120,78,139,3.103,0,0
120,80,139,1.681,0,0
