GoalProbability,WeightedExpectedGoals,Count,WeightedCount
0,0,15058055,243265.217
0.03,0,682112,6300.825
0.05,0,301860,2470.821
0.01,0,2909544,37336.171
0.04,0,396521,2946.918
0.02,0,1200289,12400.073
0.14,0,32201,123.223
0.15,0,30390,114.043
0.25,0,11265,42.632
0.29,0,14338,65.772
0.11,0,49757,225.178
0.26,0,13001,55.593
0.13,0,36480,146.242
0.3,0,7291,33.682
0.12,0,46722,225.331
0.24,0,12006,42.735
0.31,0,8055,26.916
0.1,0,68983,321.627
0.23,0,13162,42.271
0.08,0,114829,746.996
0.21,0,20173,92.799
0.28,0,12639,44.382
0.07,0,136032,745.172
0.19,0,26648,98.976
0.09,0,81331,410.527
0.2,0,34050,200.121
0.22,0,13778,44.555
0.18,0,24017,87.99
0.27,0,10037,38.84
0.06,0,239917,1820.945
0.16,0,29543,114.143
0.17,0,40408,214.386
0.01,0.000909090909090909,1042049,24509.891
0.02,0.000909090909090909,640158,12899.139
0.03,0.000909090909090909,346651,6154.994
0.04,0.000909090909090909,202660,3343.173
0.04,0.00181818181818182,154612,3015.172
0.03,0.00181818181818182,256689,5520.527
0.28,0.000909090909090909,2276,36.904
0.3,0.000909090909090909,1579,29.26
0.31,0.000909090909090909,980,20.098
0.27,0.000909090909090909,2273,36.283
0.05,0.000909090909090909,135405,2292.477
0.05,0.00181818181818182,103946,2000.842
0.06,0.000909090909090909,89723,1495.974
0.06,0.00181818181818182,70620,1256.696
0.07,0.000909090909090909,63224,872.229
0.07,0.00272727272727273,39842,754.81
0.07,0.00181818181818182,50066,841.337
0.06,0.00272727272727273,53486,1099.615
0.08,0.00181818181818182,37829,629.017
0.08,0.00272727272727273,27595,523.053
0.07,0.00363636363636364,32966,676.673
0.05,0.00272727272727273,81495,1741.22
0.08,0.000909090909090909,47795,715.264
0.25,0.000909090909090909,3261,46.502
0.29,0.000909090909090909,2207,58.765
0.24,0.000909090909090909,3366,42.897
0.26,0.000909090909090909,2717,53.044
0.3,0.00181818181818182,1076,27.983
0.29,0.00181818181818182,1418,56.87
0.2,0.000909090909090909,6800,155.89
0.23,0.000909090909090909,3989,47.182
0.22,0.000909090909090909,4353,48.787
0.28,0.00181818181818182,1505,36.166
0.31,0.00181818181818182,781,21.106
0.3,0.00363636363636364,579,19.7
0.31,0.00272727272727273,518,18.264
0.3,0.00272727272727273,919,24.563
0.31,0.00363636363636364,373,13.627
0.09,0.00181818181818182,27275,456.77
0.09,0.00272727272727273,20780,386.977
0.09,0.000909090909090909,37007,476.606
0.1,0.00181818181818182,22834,349.536
0.11,0.00363636363636364,10627,201.233
0.1,0.00363636363636364,13885,255.252
0.11,0.00181818181818182,15910,231.755
0.1,0.00272727272727273,19238,341.134
0.09,0.00454545454545455,14913,334.941
0.1,0.000909090909090909,27172,351.746
0.1,0.00454545454545455,13577,277.632
0.09,0.00363636363636364,18513,367.813
0.08,0.00363636363636364,25600,517.438
0.19,0.000909090909090909,6263,85.263
0.26,0.00181818181818182,1560,46.544
0.21,0.000909090909090909,5022,85.138
0.29,0.00272727272727273,1132,45.158
0.28,0.00272727272727273,942,30.474
0.18,0.000909090909090909,6692,80.583
0.26,0.00272727272727273,1100,39.102
0.29,0.00363636363636364,766,41.323
0.11,0.000909090909090909,23217,257.645
0.2,0.00181818181818182,4301,125.814
0.27,0.00181818181818182,1529,35.297
0.17,0.000909090909090909,8699,164.589
0.3,0.00454545454545455,581,25.374
0.31,0.00454545454545455,420,15.741
0.3,0.00636363636363636,273,8.47
0.31,0.00636363636363636,288,13.725
0.25,0.00181818181818182,2159,40.567
0.3,0.00545454545454545,383,12.905
0.31,0.00545454545454545,280,12.721
0.12,0.00181818181818182,14601,234.149
0.12,0.000909090909090909,17741,230.746
0.12,0.00363636363636364,10292,191.772
0.12,0.00272727272727273,11123,209.533
0.11,0.00272727272727273,14281,243.113
0.18,0.00181818181818182,4826,74.74
0.24,0.00272727272727273,1144,26.31
0.15,0.000909090909090909,9928,111.002
0.23,0.00181818181818182,2599,40.072
0.28,0.00363636363636364,584,18.029
0.25,0.00363636363636364,1050,26.965
0.29,0.00454545454545455,507,35.372
0.24,0.00363636363636364,953,27.877
0.28,0.00454545454545455,663,22.224
0.22,0.00181818181818182,2804,41.652
0.27,0.00272727272727273,1114,27.326
0.3,0.00818181818181818,345,9.679
0.31,0.00818181818181818,113,6.073
0.25,0.00272727272727273,1512,32.126
0.28,0.00545454545454545,479,11.889
0.3,0.00727272727272727,313,11.192
0.17,0.00181818181818182,6066,131.069
0.24,0.00181818181818182,2018,36.833
0.14,0.000909090909090909,12977,136.884
0.31,0.00909090909090909,182,8.423
0.13,0.000909090909090909,13776,154.079
0.16,0.000909090909090909,9657,113.485
0.14,0.00181818181818182,11168,147.113
0.21,0.00272727272727273,2258,58.85
0.23,0.00272727272727273,1946,34.775
0.27,0.00454545454545455,520,18.01
0.26,0.00454545454545455,799,30.811
0.19,0.00181818181818182,4106,72.447
0.29,0.00636363636363636,220,17.386
0.31,0.00727272727272727,183,7.62
0.21,0.00181818181818182,2761,64.953
0.19,0.00272727272727273,3109,66.8
0.24,0.00454545454545455,1207,32.858
0.26,0.00363636363636364,693,29.413
0.2,0.00272727272727273,2725,96.492
0.19,0.00363636363636364,2989,65.124
0.18,0.00363636363636364,3597,65.29
0.19,0.00454545454545455,1870,38.175
0.18,0.00272727272727273,3503,61.532
0.17,0.00272727272727273,4064,94.909
0.16,0.00181818181818182,6402,99.722
0.25,0.00454545454545455,557,16.824
0.24,0.00636363636363636,667,21.682
0.24,0.00545454545454545,1044,28.939
0.23,0.00363636363636364,1370,33.283
0.26,0.00636363636363636,466,17.938
0.26,0.00545454545454545,450,19.664
0.26,0.00727272727272727,258,11.921
0.15,0.00181818181818182,9068,129.35
0.18,0.00454545454545455,3466,70.818
0.17,0.00363636363636364,2876,70.826
0.16,0.00272727272727273,6193,105.494
0.24,0.00727272727272727,495,11.901
0.23,0.00454545454545455,1180,24.091
0.22,0.00272727272727273,1919,34.102
0.22,0.00363636363636364,1577,32.397
0.49,0,2639,12.008
0.42,0,1569,3.772
0.33,0,1815,5.769
0.38,0,1330,3.363
0.45,0,1680,4.394
0.34,0,1713,4.778
0.46,0,2128,5.394
0.47,0,2672,5.068
0.43,0,1615,4.202
0.36,0,1656,4.615
0,0.000909090909090909,607500,19677.062
0.44,0,1703,4.528
0.41,0,1623,4.204
0.13,0.00363636363636364,7634,132.923
0.13,0.00181818181818182,10397,151.407
0.16,0.00363636363636364,5393,91.935
0.14,0.00363636363636364,7470,131.439
0.13,0.00272727272727273,9549,149.493
0.39,0,1658,4.434
0.48,0,15247,69.118
0.35,0,1730,4.862
0.49,0.000909090909090909,390,10.536
0.32,0,2033,5.408
0.01,0.00181818181818182,549524,15828.807
0.02,0.00181818181818182,404617,10184.872
0.4,0,1476,3.76
0.37,0,1538,3.719
0.11,0.00454545454545455,10246,198.96
0.13,0.00545454545454545,6011,120.296
0.15,0.00545454545454545,3564,79.963
0.13,0.00636363636363636,4249,98.918
0.13,0.00454545454545455,6530,124.72
0.12,0.00636363636363636,5282,124.759
0.12,0.00545454545454545,6746,143.225
0.14,0.00545454545454545,5802,118.029
0.15,0.00363636363636364,5379,102.865
0.14,0.00636363636363636,3807,87.019
0.17,0.00636363636363636,2701,50.932
0.16,0.00727272727272727,3428,70.651
0.16,0.00454545454545455,4164,77.234
0.13,0.00727272727272727,5178,119.38
0.14,0.00272727272727273,8120,134.207
0.14,0.00454545454545455,5265,110.237
0.17,0.00454545454545455,3820,78.7
0.16,0.00545454545454545,2931,65.921
0.02,0.00272727272727273,279887,7896.87
0.49,0.00181818181818182,292,11.828
0.49,0.00272727272727273,205,9.672
0.49,0.00363636363636364,206,10.307
0.03,0.00272727272727273,194554,4920.886
0,0.00181818181818182,154029,6174.243
0.01,0.00272727272727273,306099,10105.535
0.03,0.00363636363636364,146283,4122.717
0.02,0.00363636363636364,205297,6289.923
0.03,0.00454545454545455,112185,3481.84
0.04,0.00454545454545455,77201,2139.794
0.18,0.00636363636363636,2240,45.249
0.2,0.00363636363636364,2350,75.922
0.21,0.00454545454545455,2357,49.625
0.21,0.00545454545454545,1195,31.966
0.22,0.00545454545454545,1406,31.123
0.06,0.00363636363636364,43708,962.931
0.08,0.00454545454545455,20958,462.671
0.09,0.00545454545454545,14927,356.563
0.1,0.00636363636363636,7277,179.18
0.11,0.00727272727272727,7216,167.613
0.11,0.00636363636363636,6230,157.967
0.12,0.00454545454545455,7810,152.779
0.14,0.00727272727272727,3637,79.108
0.17,0.00727272727272727,2499,54.539
0.15,0.00818181818181818,2735,68.321
0.13,0.00818181818181818,3852,97.779
0.15,0.00636363636363636,3663,77.234
0.15,0.00454545454545455,4588,101.343
0.48,0.000909090909090909,1047,48.727
0.49,0.00454545454545455,121,6.585
0.49,0.00636363636363636,110,9.303
0.49,0.00727272727272727,113,5.973
0.49,0.00818181818181818,58,4.393
0.49,0.00545454545454545,85,6.042
0.03,0.00545454545454545,88705,2852.915
0.04,0.00545454545454545,62732,1862.461
0.04,0.00363636363636364,101760,2573.509
0.04,0.00272727272727273,118027,2696.54
0.18,0.00545454545454545,2201,44.246
0.17,0.00545454545454545,2557,51.337
0.19,0.00545454545454545,2508,48.219
0.19,0.00818181818181818,1382,30.831
0.2,0.00818181818181818,809,18.858
0.2,0.00545454545454545,1710,40.432
0.22,0.00636363636363636,869,17.229
0.05,0.00363636363636364,67082,1583.02
0.15,0.00272727272727273,6218,107.59
0.2,0.00636363636363636,951,19.16
0.2,0.00454545454545455,1601,52.441
0.22,0.00454545454545455,893,21.637
0.22,0.00727272727272727,605,15.157
0.23,0.00727272727272727,501,14.552
0.25,0.00545454545454545,671,22.793
0.05,0.00454545454545455,63650,1649.908
0.21,0.00363636363636364,1738,42.075
0.07,0.00454545454545455,25773,581.676
0.06,0.00454545454545455,40967,954.119
0.07,0.00545454545454545,24938,615.874
0.08,0.00545454545454545,18263,435.849
0.1,0.00545454545454545,10045,220.815
0.11,0.00545454545454545,8644,195.16
0.09,0.00636363636363636,11175,276.327
0.06,0.00545454545454545,33181,813.825
0.48,0.00181818181818182,601,42.786
0.49,0.01,73,5.413
0.49,0.0127272727272727,19,2.551
0.49,0.0109090909090909,22,3.634
0.49,0.00909090909090909,72,6.061
0.06,0.00818181818181818,21072,617.985
0.06,0.00727272727272727,27372,765.072
0.05,0.00636363636363636,37550,1120.436
0.07,0.00909090909090909,14841,446.761
0.06,0.00636363636363636,28108,779.005
0.04,0.00636363636363636,50810,1610.989
0.07,0.01,10195,310.443
0.06,0.00909090909090909,16080,543.45
0.05,0.00727272727272727,29386,916.561
0.48,0.00272727272727273,367,31.762
0.48,0.00363636363636364,256,26.275
0.48,0.00454545454545455,226,27.302
0.48,0.00545454545454545,212,25.114
0.48,0.00636363636363636,149,18.325
0.05,0.00545454545454545,49110,1361.831
0.47,0.000909090909090909,281,3.148
0.47,0.00181818181818182,228,3.719
0.21,0.00727272727272727,820,23.677
0.23,0.00545454545454545,852,19.971
0.23,0.00636363636363636,584,11.801
0.09,0.00818181818181818,9654,275.228
0.14,0.00818181818181818,2914,70.434
0.08,0.00818181818181818,16601,447.981
0.12,0.00909090909090909,2682,76.81
0.16,0.00636363636363636,2496,56.666
0.08,0.00636363636363636,14068,375.103
0.1,0.00818181818181818,8211,202.954
0.14,0.00909090909090909,2831,75.069
0.09,0.00909090909090909,9088,290.041
0.13,0.00909090909090909,3051,78.713
0.1,0.00909090909090909,6426,181.049
0.07,0.00636363636363636,23607,615.461
0.07,0.00727272727272727,18961,504.671
0.11,0.00818181818181818,4235,112.687
0.08,0.00727272727272727,12709,328.942
0.09,0.00727272727272727,9642,244.399
0.48,0.00727272727272727,128,15.861
0.48,0.00909090909090909,110,16.111
0.47,0.00272727272727273,148,3.274
0.45,0.000909090909090909,439,4.862
0.43,0.000909090909090909,322,3.656
0.49,0.0136363636363636,19,1.828
0.49,0.0118181818181818,36,3.11
0.49,0.0145454545454545,17,1.953
0.48,0.0127272727272727,9,2.544
0.48,0.0109090909090909,45,10.399
0.46,0.00181818181818182,120,1.875
0.07,0.00818181818181818,16915,465.573
0.09,0.0118181818181818,6550,192.187
0.09,0.0109090909090909,7186,196.881
0.08,0.00909090909090909,10527,310.233
0.1,0.0127272727272727,4030,124.573
0.09,0.01,6281,192.447
0.44,0.000909090909090909,367,3.758
0.48,0.0118181818181818,55,7.194
0.48,0.01,67,10.879
0.46,0.000909090909090909,317,3.601
0.05,0.00818181818181818,25529,857.111
0.09,0.0127272727272727,4865,163.061
0.08,0.0118181818181818,7659,239.049
0.1,0.0145454545454545,2400,76.826
0.09,0.0136363636363636,3853,127.096
0.08,0.0109090909090909,8993,269.572
0.47,0.00363636363636364,127,3.195
0.47,0.00454545454545455,44,1.29
0.46,0.00272727272727273,205,4.181
0.47,0.00545454545454545,68,2.748
0.47,0.00636363636363636,45,1.863
0.45,0.00181818181818182,199,3.579
0.4,0.000909090909090909,296,3.524
0.42,0.00181818181818182,358,5.705
0.39,0.000909090909090909,346,4.151
0.41,0.00181818181818182,290,5.042
0.43,0.00272727272727273,241,4.743
0.44,0.00181818181818182,339,5.9
0.43,0.00181818181818182,281,4.598
0.44,0.00272727272727273,241,5.213
0.42,0.000909090909090909,325,3.639
0.2,0.01,586,15.945
0.25,0.00727272727272727,539,11.807
0.27,0.00363636363636364,1082,27.949
0.11,0.00909090909090909,4628,120.726
0.17,0.01,1022,22.735
0.12,0.00727272727272727,4948,118.204
0.19,0.00909090909090909,635,17.116
0.15,0.0118181818181818,935,25.484
0.21,0.0136363636363636,560,14.524
0.27,0.01,174,4.865
0.29,0.00545454545454545,414,23.62
0.13,0.0127272727272727,1743,53.046
0.19,0.0136363636363636,306,11.552
0.24,0.0109090909090909,470,11.909
0.27,0.00545454545454545,571,19.719
0.14,0.01,2693,64.075
0.18,0.00727272727272727,1738,41.042
0.18,0.00909090909090909,1702,36.082
0.21,0.00636363636363636,1270,25.908
0.14,0.0127272727272727,1141,34.202
0.2,0.0136363636363636,425,13.004
0.25,0.01,167,3.867
0.13,0.0136363636363636,1484,46.907
0.19,0.0145454545454545,180,7.382
0.23,0.0109090909090909,437,10.659
0.37,0.000909090909090909,268,3.52
0.36,0.000909090909090909,367,4.16
0.12,0.0118181818181818,3110,92.668
0.17,0.0118181818181818,1238,33.582
0.18,0.00818181818181818,1723,35.646
0.16,0.0118181818181818,580,18.886
0.33,0.000909090909090909,574,6.374
0.41,0.000909090909090909,357,4.027
0.38,0.000909090909090909,516,5.35
0.1,0.00727272727272727,7442,183.796
0.11,0.0109090909090909,3290,97.735
0.12,0.01,3111,84.605
0.12,0.0109090909090909,2440,78.273
0.13,0.0109090909090909,2042,61.451
0.32,0.000909090909090909,502,5.617
0.1,0.01,6934,203.465
0.11,0.01,4472,135.612
0.46,0.00545454545454545,121,3.612
0.46,0.00727272727272727,80,3.629
0.44,0.00363636363636364,157,4.3
0.43,0.00363636363636364,181,4.672
0.39,0.00181818181818182,334,6.113
0.47,0.00909090909090909,35,2.566
0.47,0.00818181818181818,85,3.524
0.45,0.00363636363636364,34,0.866
0.11,0.0118181818181818,2896,91.351
0.1,0.0109090909090909,4968,150.557
0.12,0.0127272727272727,2376,66.817
0.45,0.00454545454545455,229,5.927
0.45,0.00545454545454545,89,2.832
0.42,0.00272727272727273,170,3.866
0.37,0.00181818181818182,390,6.526
0.45,0.00272727272727273,175,3.465
0.46,0.00454545454545455,79,2.275
0.46,0.00363636363636364,117,2.502
0.47,0.00727272727272727,68,2.601
0.46,0.00818181818181818,31,1.752
0.46,0.00636363636363636,34,1.42
0.35,0.000909090909090909,469,4.995
0.02,0.00454545454545455,135136,4454.271
0.11,0.0127272727272727,3068,95.121
0.1,0.0118181818181818,3810,115.181
0.13,0.0145454545454545,849,34.749
0.12,0.0136363636363636,2106,57.476
0.41,0.00272727272727273,200,4.537
0.34,0.000909090909090909,536,5.154
0.39,0.00272727272727273,166,3.289
0.38,0.00181818181818182,262,4.238
0.4,0.00363636363636364,184,5.518
0.42,0.00454545454545455,120,4.429
0.43,0.00454545454545455,137,4.063
0.43,0.00545454545454545,171,7.308
0.4,0.00181818181818182,279,4.208
0.08,0.01,8466,249.131
0.32,0.00181818181818182,441,6.023
0.18,0.01,767,21.705
0.26,0.0109090909090909,426,9.55
0.32,0.00818181818181818,205,4.961
0.35,0.00454545454545455,260,5.327
0.16,0.01,1373,30.282
0.34,0.00454545454545455,209,4.461
0.33,0.00181818181818182,376,5.276
0.17,0.00818181818181818,2043,41.889
0.16,0.00909090909090909,1433,34.73
0.23,0.01,496,11.217
0.29,0.00727272727272727,286,17.399
0.27,0.0145454545454545,183,5.151
0.33,0.0109090909090909,100,4.294
0.35,0.00545454545454545,306,9.029
0.17,0.0136363636363636,1018,30.816
0.25,0.0154545454545455,67,1.951
0.31,0.0118181818181818,86,2.494
0.34,0.00636363636363636,151,3.041
0.13,0.01,2446,73.423
0.19,0.0109090909090909,586,12.81
0.24,0.00818181818181818,405,12.289
0.21,0.01,417,15.326
0.25,0.0145454545454545,64,1.93
0.3,0.0109090909090909,221,7.08
0.17,0.0145454545454545,852,21.838
0.24,0.0154545454545455,114,4.115
0.29,0.0118181818181818,294,7.866
0.23,0.00818181818181818,451,12.876
0.34,0.00272727272727273,286,5.231
0.35,0.00272727272727273,269,5.505
0.36,0.00181818181818182,419,5.859
0.4,0.00272727272727273,140,2.961
0.16,0.00818181818181818,1786,41.655
0.14,0.0118181818181818,2607,79.836
0.19,0.0118181818181818,639,16.02
0.22,0.00818181818181818,592,14.838
0.2,0.0118181818181818,538,15.091
0.22,0.00909090909090909,928,20.286
0.12,0.00818181818181818,4279,106.558
0.36,0.00363636363636364,190,4.988
0.39,0.00363636363636364,211,5.445
0.37,0.00272727272727273,256,4.533
0.42,0.00363636363636364,232,6.374
0.35,0.00181818181818182,274,5.198
0.36,0.00272727272727273,184,4.248
0.41,0.00363636363636364,167,3.411
0.34,0.00181818181818182,450,6.596
0.33,0.00363636363636364,180,3.032
0.44,0.00454545454545455,114,3.94
0.4,0.00454545454545455,125,3.486
0.42,0.00545454545454545,114,3.546
0.38,0.00454545454545455,159,4.511
0.39,0.00454545454545455,134,4.464
0.01,0.00363636363636364,161287,6072.751
0.15,0.00909090909090909,1908,50.292
0.15,0.00727272727272727,3666,82.142
0.38,0.00272727272727273,219,4.921
0.38,0.00363636363636364,101,3.005
0.37,0.00363636363636364,230,5.24
0.35,0.00363636363636364,146,4.089
0.03,0.00636363636363636,70457,2399.776
0.32,0.00272727272727273,427,9.55
0.19,0.00727272727272727,1321,30.884
0.27,0.00818181818181818,478,13.083
0.33,0.00636363636363636,222,7.081
0.21,0.00818181818181818,1203,25.395
0.27,0.0118181818181818,230,7.064
0.33,0.00909090909090909,162,4.606
0.32,0.00909090909090909,165,2.749
0.27,0.00636363636363636,539,16.631
0.17,0.0109090909090909,1440,37.077
0.28,0.00818181818181818,208,6.616
0.24,0.0118181818181818,491,7.826
0.28,0.00909090909090909,179,6.267
0.32,0.00454545454545455,246,8.729
0.37,0.00636363636363636,187,5.132
0.38,0.00636363636363636,193,4.51
0.4,0.00545454545454545,163,5.59
0.37,0.00454545454545455,99,3.697
0.2,0.00909090909090909,461,11.769
0.36,0.00545454545454545,93,4.141
0.36,0.00454545454545455,180,5.067
0.32,0.00545454545454545,123,4.628
0.39,0.00818181818181818,30,2.022
0.41,0.00818181818181818,88,4.09
0.39,0.00636363636363636,58,2.167
0.33,0.00272727272727273,192,4.225
0.42,0.00818181818181818,79,4.483
0.42,0.00727272727272727,97,4.054
0.38,0.00545454545454545,109,4.857
0.39,0.00727272727272727,101,3.746
0.44,0.00727272727272727,77,3.834
0.43,0.00727272727272727,105,5.011
0.44,0.00545454545454545,78,2.521
0.41,0.00454545454545455,205,5.777
0.39,0.00545454545454545,140,4.171
0.43,0.00636363636363636,106,2.903
0.33,0.00454545454545455,336,7.319
0.41,0.00545454545454545,48,1.324
0.44,0.00636363636363636,45,1.454
0.33,0.00545454545454545,253,7.247
0.4,0.00636363636363636,69,2.587
0.41,0.00636363636363636,109,3.654
0.32,0.00363636363636364,254,5.636
0.19,0.00636363636363636,1690,34.393
0.33,0.00727272727272727,162,3.643
0.36,0.00909090909090909,54,2.538
0.34,0.01,24,1.906
0.27,0.00727272727272727,175,9.005
0.37,0.00909090909090909,110,4.806
0.25,0.00636363636363636,300,8.419
0.34,0.00818181818181818,148,4.108
0.36,0.00636363636363636,154,5.407
0.35,0.00818181818181818,92,4.594
0.39,0.0118181818181818,129,4.008
0.39,0.0127272727272727,22,2.113
0.36,0.01,70,3.609
0.35,0.01,66,3.722
0.4,0.00727272727272727,73,3.096
0.41,0.0118181818181818,9,0.933
0.39,0.00909090909090909,126,6.116
0.34,0.00363636363636364,197,3.394
0.4,0.00818181818181818,41,2.772
0.35,0.00727272727272727,207,6.033
0.41,0.0109090909090909,45,2.594
0.42,0.0118181818181818,19,1.783
0.43,0.0118181818181818,63,3.495
0.41,0.00727272727272727,129,5.927
0.43,0.0109090909090909,27,1.647
0.43,0.00818181818181818,8,0.611
0.44,0.00818181818181818,99,3.646
0.45,0.00636363636363636,80,2.873
0.43,0.01,74,3.033
0.34,0.00727272727272727,126,4.223
0.42,0.00636363636363636,14,0.533
0.41,0.00909090909090909,75,2.908
0.28,0.00636363636363636,372,13.631
0.45,0.01,24,1.482
0.45,0.00818181818181818,42,1.774
0.39,0.0109090909090909,34,1.873
0.43,0.0127272727272727,16,0.941
0.34,0.00909090909090909,140,5.343
0.44,0.00909090909090909,44,2.028
0.38,0.00909090909090909,44,3.192
0.42,0.0109090909090909,51,2.559
0.34,0.00545454545454545,149,4.859
0.01,0.00454545454545455,85046,3496.713
0,0.00272727272727273,38297,1797.158
0.02,0.00636363636363636,75094,2876.334
0.05,0.00909090909090909,19994,622.302
0.04,0.00818181818181818,31608,1098.998
0.02,0.00545454545454545,99264,3509.233
0.04,0.00727272727272727,41801,1397.575
0.32,0.01,96,2.029
0.29,0.0109090909090909,134,7.21
0.28,0.0109090909090909,450,9.997
0.33,0.01,159,5.01
0.32,0.00636363636363636,221,5.407
0.37,0.0127272727272727,113,3.306
0.35,0.0136363636363636,65,5.058
0.31,0.0109090909090909,29,2.258
0.38,0.0127272727272727,118,4.314
0.35,0.00909090909090909,88,5.198
0.28,0.00727272727272727,232,7.736
0.36,0.00818181818181818,132,4.501
0.38,0.00818181818181818,68,3.608
0.37,0.00727272727272727,91,3.247
0.4,0.0118181818181818,46,2.881
0.4,0.0127272727272727,66,4.062
0.43,0.00909090909090909,44,2.108
0.45,0.00727272727272727,62,2.205
0.38,0.01,54,2.673
0.33,0.00818181818181818,219,4.203
0.41,0.01,15,0.777
0.4,0.01,28,1.633
0.44,0.0118181818181818,14,0.87
0.45,0.00909090909090909,31,1.341
0.43,0.0145454545454545,15,1.078
0.32,0.0109090909090909,85,2.172
0.44,0.0109090909090909,78,3.295
0.36,0.00727272727272727,42,1.983
0.37,0.00545454545454545,100,3.04
0.42,0.01,64,2.357
0.37,0.0109090909090909,27,1.938
0.41,0.0127272727272727,15,0.974
0.03,0.00727272727272727,59330,2037.864
0.05,0.0109090909090909,12291,426.493
0.03,0.01,29199,1124.816
0.02,0.00727272727272727,55697,2230.377
0.08,0.0136363636363636,6058,226.158
0.06,0.0127272727272727,6862,230.678
0.1,0.0136363636363636,3427,106.003
0.07,0.0118181818181818,9213,280.69
0.5,0,1581,5.402
0.06,0.0118181818181818,8374,278.239
0.03,0.00818181818181818,48429,1764.424
0.06,0.0109090909090909,10894,348.496
0.25,0.00818181818181818,192,6.434
0.35,0.00636363636363636,44,1.788
0.42,0.00909090909090909,62,2.853
0.37,0.00818181818181818,32,1.444
0.39,0.01,55,2.445
0.07,0.0109090909090909,9930,328.262
0.5,0.00181818181818182,265,6.328
0.5,0.000909090909090909,471,7.158
0.51,0,2050,5.439
0.03,0.00909090909090909,38016,1446.461
0.06,0.0136363636363636,4971,171.81
0.05,0.0118181818181818,9367,357.56
0.1,0.0163636363636364,1577,55.241
0.07,0.0145454545454545,3063,113.56
0.04,0.01,20363,732.768
0.1,0.0154545454545455,3338,107.204
0.04,0.00909090909090909,23674,827.509
0.5,0.00272727272727273,208,6.458
0.07,0.0136363636363636,4776,165.129
0.02,0.00818181818181818,35436,1474.967
0.09,0.0154545454545455,3298,106.098
0.5,0.00363636363636364,206,7.095
0.05,0.01,13061,467.502
0.08,0.0127272727272727,4217,146.895
0.12,0.0145454545454545,1436,48.966
0.11,0.0154545454545455,2747,87.723
0.14,0.0190909090909091,1211,38.768
0.12,0.0163636363636364,914,29.643
0.08,0.0154545454545455,1337,47.192
0.12,0.0181818181818182,1748,56.669
0.09,0.0145454545454545,3400,106.061
0.15,0.0181818181818182,558,19.03
0.15,0.0163636363636364,811,31.098
0.11,0.0172727272727273,1475,44.038
0.15,0.0218181818181818,387,13.799
0.15,0.0190909090909091,1259,43.488
0.09,0.0172727272727273,2432,76.61
0.13,0.0209090909090909,990,35.154
0.13,0.0172727272727273,992,37.543
0.14,0.0154545454545455,1582,38.428
0.16,0.0145454545454545,851,23.294
0.14,0.0181818181818182,1375,45.358
0.15,0.0154545454545455,1836,55.589
0.11,0.0163636363636364,1919,78.63
0.5,0.00454545454545455,167,6.819
0.07,0.0127272727272727,5754,194.844
0.5,0.00545454545454545,172,7.834
0.5,0.00909090909090909,62,3.572
0.5,0.00727272727272727,65,3.428
0.51,0.000909090909090909,141,3.317
0.04,0.0109090909090909,14300,538.595
0.32,0.00727272727272727,70,2.27
0.42,0.0127272727272727,36,1.925
0.46,0.0109090909090909,25,1.56
0.47,0.0145454545454545,19,0.982
0.5,0.01,56,3.254
0.5,0.00636363636363636,65,3.358
0.06,0.01,12220,423.251
0.4,0.0109090909090909,61,2.7
0.44,0.01,17,0.747
0.46,0.0127272727272727,18,0.919
0.06,0.0145454545454545,3709,125.609
0.01,0.00545454545454545,35381,1519.651
0.11,0.0190909090909091,1013,32.301
0.11,0.0209090909090909,631,23.444
0.13,0.0254545454545455,451,17.914
0.12,0.0218181818181818,1136,44.962
0.1,0.0209090909090909,1194,51.935
0.13,0.0245454545454545,337,11.898
0.12,0.0209090909090909,943,32.055
0.07,0.0163636363636364,1466,48.745
0.03,0.0109090909090909,27692,1110.501
0.05,0.0136363636363636,5683,213.599
0.05,0.0145454545454545,3815,148.916
0.05,0.0127272727272727,7444,261.323
0.12,0.0154545454545455,1469,52.592
0.13,0.0154545454545455,952,33.888
0.11,0.0181818181818182,981,36.321
0.13,0.0236363636363636,666,22.494
0.11,0.0136363636363636,2768,69.447
0.11,0.0236363636363636,954,33.185
0.15,0.0290909090909091,138,6.203
0.14,0.0254545454545455,142,5.389
0.1,0.0236363636363636,145,7.088
0.14,0.0281818181818182,232,12.334
0.14,0.0236363636363636,597,21.163
0.15,0.01,1728,44.978
0.14,0.0145454545454545,1191,36.316
0.09,0.0163636363636364,3143,105.941
0.13,0.02,1253,47.903
0.13,0.0118181818181818,2575,72.661
0.23,0.00909090909090909,299,8.892
0.09,0.0190909090909091,1146,45.984
0.15,0.0209090909090909,512,17.791
0.08,0.0181818181818182,1171,40.828
0.07,0.0172727272727273,1064,37.572
0.09,0.0218181818181818,910,37.333
0.1,0.0218181818181818,377,13.313
0.1,0.0190909090909091,693,29.126
0.24,0.00909090909090909,437,12.377
0.13,0.0181818181818182,1069,30.359
0.15,0.0263636363636364,304,15.973
0.15,0.0272727272727273,516,16.86
0.16,0.0227272727272727,517,17.962
0.15,0.0227272727272727,1012,28.234
0.13,0.0163636363636364,1690,47.641
0.14,0.0136363636363636,1180,36.627
0.15,0.02,1017,29.578
0.14,0.0209090909090909,458,18.675
0.18,0.0172727272727273,557,12.081
0.19,0.0245454545454545,441,12.297
0.17,0.0245454545454545,318,9.201
0.14,0.0172727272727273,953,30.878
0.2,0.0145454545454545,379,9.195
0.2,0.0209090909090909,138,3.316
0.17,0.0209090909090909,418,15.425
0.16,0.0136363636363636,598,22.139
0.51,0.00272727272727273,62,2.3
0.51,0.00181818181818182,71,2.309
0.5,0.0109090909090909,45,3.538
0.5,0.00818181818181818,62,3.786
0.51,0.00454545454545455,53,2.095
0.08,0.0145454545454545,4052,122.511
0.47,0.0127272727272727,17,0.891
0.5,0.0136363636363636,8,0.867
0.5,0.0118181818181818,19,1.572
0.51,0.00363636363636364,38,1.483
0.45,0.0118181818181818,34,1.69
0.46,0.01,40,1.483
0.48,0.00818181818181818,77,12.367
0.1,0.02,612,18.29
0.02,0.00909090909090909,24672,1062.981
0.03,0.0118181818181818,17430,709.174
0.04,0.0127272727272727,12293,475.369
0.04,0.0118181818181818,13361,499.318
0.29,0.00909090909090909,451,8.076
0.08,0.0172727272727273,1744,59.941
0.09,0.0227272727272727,159,7.573
0.12,0.0272727272727273,345,14.333
0.12,0.0227272727272727,588,17.531
0.19,0.01,960,20.339
0.12,0.0263636363636364,185,6.584
0.07,0.0154545454545455,1888,59.008
0.1,0.0181818181818182,1233,51.191
0.05,0.0154545454545455,5609,224.57
0.06,0.0190909090909091,181,9.222
0.07,0.02,978,34.181
0.07,0.0190909090909091,440,15.842
0.09,0.02,1019,34.18
0.31,0.0154545454545455,315,7.949
0.33,0.0154545454545455,92,1.492
0.3,0.01,156,2.206
0.08,0.0190909090909091,409,14.982
0.11,0.0218181818181818,796,24.397
0.12,0.0190909090909091,1126,39.062
0.22,0.0136363636363636,367,7.796
0.21,0.00909090909090909,619,12.852
0.07,0.0181818181818182,1209,39.027
0.12,0.0172727272727273,1604,50.042
0.06,0.0154545454545455,2097,78.304
0.1,0.0227272727272727,155,7.259
0.12,0.0281818181818182,153,7.047
0.14,0.0263636363636364,588,23.357
0.38,0.0118181818181818,66,1.027
0.27,0.0109090909090909,280,5.249
0.13,0.0190909090909091,258,9.044
0.16,0.0218181818181818,458,17.208
0.18,0.0318181818181818,149,5.519
0.18,0.0327272727272727,531,16.833
0.18,0.0190909090909091,259,6.552
0.2,0.0272727272727273,148,4.384
0.19,0.0281818181818182,316,9.497
0.16,0.0172727272727273,450,13.707
0.17,0.00909090909090909,1230,34.591
0.25,0.0109090909090909,383,9.881
0.2,0.00727272727272727,946,21.496
0.16,0.0163636363636364,661,19.384
0.17,0.0236363636363636,314,13.151
0.15,0.0236363636363636,685,19.729
0.22,0.02,134,2.901
0.22,0.0281818181818182,291,8.2
0.19,0.0290909090909091,432,14.105
0.16,0.02,283,8.063
0.24,0.0163636363636364,133,2.16
0.23,0.0245454545454545,128,3.267
0.2,0.0245454545454545,263,7.714
0.15,0.0172727272727273,621,18.047
0.21,0.0145454545454545,449,8.754
0.15,0.0109090909090909,1505,41.158
0.2,0.0127272727272727,695,14.38
0.2,0.0154545454545455,470,12.407
0.25,0.0136363636363636,294,6.984
0.28,0.0136363636363636,139,3.149
0.26,0.00909090909090909,397,9.25
0.18,0.0127272727272727,511,15.474
0.22,0.0127272727272727,499,11.198
0.06,0.0163636363636364,1159,40.534
0.08,0.02,442,15.672
0.11,0.0227272727272727,627,31.793
0.34,0.0154545454545455,151,4.301
0.36,0.0145454545454545,91,1.336
0.24,0.0136363636363636,263,5.541
0.31,0.0190909090909091,215,3.913
0.34,0.0190909090909091,108,1.789
0.31,0.0127272727272727,118,2.674
0.17,0.0127272727272727,569,11.965
0.23,0.0172727272727273,384,7.231
0.25,0.0172727272727273,283,6.557
0.23,0.0118181818181818,358,8.448
0.16,0.0127272727272727,1262,32.835
0.12,0.0254545454545455,173,6.652
0.13,0.0272727272727273,151,6.508
0.12,0.02,949,35.646
0.14,0.0245454545454545,789,27.14
0.11,0.0145454545454545,963,33.162
0.35,0.0154545454545455,82,1.4
0.37,0.0145454545454545,101,2.528
0.32,0.0181818181818182,93,1.82
0.29,0.0127272727272727,109,2.857
0.18,0.0118181818181818,1105,23.333
0.22,0.0172727272727273,257,7.429
0.23,0.0163636363636364,100,2.319
0.21,0.0118181818181818,239,5.346
0.13,0.0227272727272727,842,26.947
0.17,0.0272727272727273,763,24.929
0.17,0.0281818181818182,334,10.491
0.17,0.0163636363636364,1112,33.553
0.18,0.0254545454545455,464,13.412
0.17,0.0154545454545455,799,22.688
0.31,0.01,159,3.158
0.26,0.0127272727272727,277,4.728
0.18,0.0109090909090909,863,25.566
0.14,0.02,452,13.537
0.19,0.0163636363636364,528,13.602
0.2,0.0236363636363636,274,7.581
0.14,0.0163636363636364,940,33.302
0.21,0.02,325,9.045
0.18,0.0209090909090909,339,11.009
0.15,0.0127272727272727,820,24.318
0.14,0.0109090909090909,1672,50.063
0.24,0.0127272727272727,480,8.574
0.28,0.0163636363636364,233,3.836
0.2,0.0163636363636364,148,2.577
0.15,0.0145454545454545,819,21.475
0.18,0.0163636363636364,475,17.112
0.25,0.0127272727272727,257,6.528
0.27,0.0127272727272727,290,6.038
0.25,0.0163636363636364,228,4.219
0.27,0.0163636363636364,107,1.92
0.19,0.0154545454545455,420,10.426
0.15,0.0136363636363636,876,29.135
0.2,0.0109090909090909,441,10.582
0.16,0.0181818181818182,370,10.744
0.18,0.0227272727272727,201,3.96
0.19,0.0218181818181818,334,7.122
0.17,0.0263636363636364,368,9.531
0.19,0.0254545454545455,372,8.547
0.17,0.0181818181818182,472,13.479
0.1,0.0172727272727273,1288,42.626
0.16,0.0109090909090909,1464,39.541
0.18,0.0245454545454545,411,13.032
0.17,0.0218181818181818,652,16.009
0.13,0.0218181818181818,884,26.337
0.17,0.0254545454545455,356,9.493
0.14,0.0227272727272727,715,25.594
0.26,0.00818181818181818,339,9.212
0.06,0.0181818181818182,1025,46.889
0.04,0.0136363636363636,12092,486.122
0.06,0.0172727272727273,3099,111.961
0.05,0.0172727272727273,2935,135.144
0.04,0.0163636363636364,8324,370.781
0.03,0.0127272727272727,14766,645.123
0.16,0.0190909090909091,338,7.533
0.19,0.0236363636363636,182,3.938
0.19,0.0190909090909091,734,19.316
0.18,0.0181818181818182,334,12.687
0.18,0.0263636363636364,535,13.665
0.21,0.0327272727272727,184,4.937
0.16,0.03,203,5.773
0.19,0.0309090909090909,358,10.128
0.18,0.0236363636363636,449,12.32
0.17,0.0336363636363636,203,6.041
0.15,0.0309090909090909,197,6.217
0.17,0.0309090909090909,174,5.754
0.22,0.01,323,10.39
0.26,0.01,109,5.038
0.29,0.0145454545454545,147,4.856
0.29,0.0136363636363636,82,4.498
0.3,0.0118181818181818,137,6.197
0.32,0.0154545454545455,35,1.595
0.31,0.0145454545454545,39,1.532
0.28,0.01,219,4.633
0.26,0.0118181818181818,127,5.918
0.33,0.0145454545454545,48,2.827
0.33,0.0127272727272727,68,3.641
0.36,0.0172727272727273,79,4.589
0.37,0.0163636363636364,29,1.403
0.29,0.00818181818181818,277,9.151
0.01,0.00636363636363636,19995,905.033
0.06,0.02,745,29.335
0.05,0.0190909090909091,1918,90.595
0.04,0.0145454545454545,9955,412.401
0.01,0.00727272727272727,4026,189.715
0.05,0.0181818181818182,3496,165.651
0.05,0.0209090909090909,1222,60.584
0.02,0.01,11494,507.055
0.05,0.0163636363636364,3467,160.121
0.04,0.0154545454545455,10108,418.599
0.03,0.0136363636363636,13193,583.959
0.18,0.0136363636363636,1031,31.401
0.2,0.0263636363636364,328,8.438
0.22,0.0227272727272727,148,3.309
0.2,0.0190909090909091,262,6.049
0.17,0.0318181818181818,212,5.872
0.21,0.0345454545454545,184,5.14
0.21,0.0281818181818182,158,4.204
0.17,0.0327272727272727,201,5.958
0.22,0.0363636363636364,343,10.342
0.23,0.0309090909090909,153,4.146
0.21,0.0190909090909091,129,2.816
0.21,0.0254545454545455,146,3.81
0.15,0.0254545454545455,420,15.966
0.16,0.0245454545454545,373,9.688
0.16,0.0318181818181818,201,6.152
0.19,0.0336363636363636,178,5.598
0.16,0.0327272727272727,190,6.256
0.2,0.0354545454545455,170,5.691
0.17,0.0172727272727273,446,16.298
0.18,0.0281818181818182,158,5.017
0.15,0.0245454545454545,567,20.456
0.24,0.01,329,8.07
0.3,0.0136363636363636,78,2.973
0.32,0.0190909090909091,32,1.876
0.31,0.0181818181818182,36,1.837
0.36,0.0209090909090909,31,1.852
0.34,0.02,38,1.829
0.3,0.0127272727272727,56,2.737
0.3,0.0154545454545455,31,1.662
0.32,0.0145454545454545,23,1.514
0.35,0.02,25,1.875
0.36,0.0190909090909091,27,1.71
0.34,0.0127272727272727,28,1.198
0.38,0.0163636363636364,24,1.376
0.4,0.0227272727272727,25,1.78
0.4,0.0209090909090909,29,1.671
0.38,0.0136363636363636,59,2.337
0.36,0.0127272727272727,54,2.237
0.35,0.0163636363636364,27,1.461
0.27,0.00909090909090909,207,7.901
0.41,0.0163636363636364,20,1.29
0.43,0.0154545454545455,41,2.329
0.38,0.00727272727272727,57,1.903
0.59,0,228,0.517
0.63,0,257,0.472
0.64,0,242,0.329
0.65,0,305,0.618
0.55,0,269,0.535
0.66,0,266,0.552
0.52,0,223,0.214
0.56,0,265,0.479
0.58,0,206,0.467
0.61,0,211,0.443
0.67,0,222,0.382
0.76,0,604,1.612
0,0.00363636363636364,8641,444.163
0.06,0.0218181818181818,219,11.809
0.05,0.02,1478,70.09
0.11,0.02,1027,33.906
0.18,0.0218181818181818,562,15.272
0.22,0.0254545454545455,148,3.603
0.22,0.0163636363636364,234,4.698
0.21,0.0227272727272727,136,3.347
0.14,0.0272727272727273,491,18.038
0.2,0.0318181818181818,193,5.026
0.2,0.0172727272727273,332,8.429
0.16,0.0309090909090909,393,11.861
0.23,0.0372727272727273,178,5.119
0.26,0.0336363636363636,153,3.962
0.26,0.0209090909090909,129,2.597
0.26,0.03,280,7.333
0.25,0.0190909090909091,124,2.403
0.16,0.0272727272727273,184,5.354
0.22,0.0336363636363636,158,4.709
0.24,0.0309090909090909,148,4.061
0.22,0.0190909090909091,238,5.448
0.24,0.0281818181818182,138,3.611
0.16,0.0263636363636364,175,5.105
0.22,0.0318181818181818,153,4.549
0.19,0.0181818181818182,273,9.144
0.14,0.0218181818181818,321,14.816
0.22,0.0118181818181818,371,12.072
0.34,0.0172727272727273,32,1.635
0.31,0.0163636363636364,38,1.712
0.38,0.0190909090909091,30,1.582
0.35,0.0181818181818182,39,1.634
0.28,0.0118181818181818,213,4.078
0.34,0.0145454545454545,29,1.361
0.31,0.0136363636363636,33,1.398
0.37,0.0181818181818182,25,1.601
0.42,0.0145454545454545,32,2.28
0.43,0.02,25,1.517
0.41,0.0190909090909091,31,1.489
0.4,0.0154545454545455,24,1.247
0.38,0.0145454545454545,36,2.515
0.37,0.0136363636363636,41,2.35
0.45,0.0154545454545455,20,1.098
0.44,0.0145454545454545,43,2.111
0.4,0.00909090909090909,42,1.495
0.54,0,187,0.42
0.53,0,233,0.529
0.62,0,219,0.348
0.68,0,256,0.472
0.69,0,268,0.576
0.7,0,257,0.602
0.72,0,362,0.839
0.35,0.0118181818181818,82,3.302
0.25,0.00909090909090909,65,3.643
0.41,0.0136363636363636,13,1.06
0.44,0.0127272727272727,23,1.853
0.05,0.0218181818181818,1935,92.748
0.06,0.0209090909090909,225,11.093
0.09,0.0181818181818182,1262,36.314
0.08,0.0163636363636364,1041,37.819
0.19,0.0227272727272727,135,3.775
0.19,0.0209090909090909,325,10.385
0.21,0.0336363636363636,164,4.948
0.27,0.0190909090909091,115,2.269
0.26,0.0281818181818182,126,3.437
0.27,0.0172727272727273,110,2.075
0.21,0.0318181818181818,143,4.7
0.17,0.0227272727272727,135,4.288
0.2,0.0227272727272727,265,7.107
0.16,0.0281818181818182,178,5.481
0.23,0.0336363636363636,154,4.518
0.27,0.0290909090909091,130,3.391
0.26,0.0181818181818182,109,2.203
0.28,0.0272727272727273,119,3.084
0.24,0.0318181818181818,133,4.185
0.21,0.0109090909090909,124,3.339
0.24,0.02,113,2.612
0.16,0.0209090909090909,268,8.259
0.22,0.0236363636363636,126,3.405
0.3,0.00909090909090909,9,0.976
0.34,0.0118181818181818,28,1.121
0.6,0,238,0.483
0.71,0,314,0.576
0.73,0,287,0.657
0.46,0.0136363636363636,27,1.877
0.45,0.0136363636363636,19,1.013
0.04,0.0172727272727273,6548,295.007
0.21,0.0218181818181818,271,6.567
0.23,0.0218181818181818,117,3.058
0.19,0.0272727272727273,134,4.462
0.22,0.0272727272727273,154,4.005
0.25,0.0227272727272727,130,2.842
0.27,0.0227272727272727,117,2.628
0.18,0.0272727272727273,156,4.776
0.24,0.0290909090909091,133,3.838
0.2,0.0218181818181818,125,3.464
0.52,0.00454545454545455,8,0.302
0.26,0.0172727272727273,108,2.193
0.53,0.00181818181818182,18,0.284
0.54,0.000909090909090909,26,0.255
0.24,0.0227272727272727,123,3.092
0.21,0.0172727272727273,188,5.131
0.51,0.00545454545454545,9,0.371
0.52,0.0118181818181818,8,0.744
0.55,0.0109090909090909,8,0.645
0.57,0.00636363636363636,22,1.139
0.57,0.00272727272727273,15,0.332
0.54,0.00727272727272727,17,0.903
0.57,0.01,8,0.571
0.59,0.00909090909090909,18,1.032
0.6,0.00545454545454545,8,0.317
0.59,0.00181818181818182,35,0.628
0.54,0.00454545454545455,9,0.266
0.57,0.00545454545454545,8,0.333
0.59,0.00545454545454545,8,0.296
0.59,0.00272727272727273,23,0.487
0.58,0.000909090909090909,48,0.446
0.53,0.00363636363636364,15,0.449
0.55,0.000909090909090909,37,0.394
0.62,0.000909090909090909,31,0.382
0.57,0,260,0.408
0.52,0.00272727272727273,16,0.398
0.47,0.0136363636363636,9,0.928
0.51,0.0172727272727273,7,1.118
0.55,0.0163636363636364,7,0.954
0.58,0.01,7,0.574
0.6,0.00454545454545455,15,0.485
0.53,0.0109090909090909,9,0.678
0.57,0.0145454545454545,17,1.648
0.6,0.0136363636363636,7,0.729
0.62,0.00818181818181818,7,0.447
0.64,0.00363636363636364,21,0.577
0.65,0.000909090909090909,69,0.594
0.55,0.00636363636363636,8,0.38
0.58,0.00818181818181818,7,0.477
0.6,0.00727272727272727,15,0.843
0.62,0.00454545454545455,7,0.261
0.63,0.00181818181818182,27,0.437
0.52,0.00181818181818182,21,0.388
0.53,0.000909090909090909,26,0.241
0.61,0.000909090909090909,36,0.442
0.42,0.0136363636363636,9,1.038
0.43,0.0136363636363636,9,1.016
0.48,0.0181818181818182,8,1.207
0.52,0.0163636363636364,8,1.018
0.56,0.01,8,0.607
0.59,0.00454545454545455,8,0.255
0.51,0.0109090909090909,9,0.728
0.54,0.0145454545454545,8,0.89
0.57,0.0136363636363636,8,0.771
0.6,0.00818181818181818,8,0.47
0.62,0.00363636363636364,8,0.201
0.64,0.000909090909090909,43,0.479
0.51,0.00636363636363636,9,0.42
0.53,0.00818181818181818,8,0.526
0.55,0.00818181818181818,8,0.465
0.57,0.00454545454545455,8,0.289
0.58,0.00181818181818182,21,0.411
0.59,0.000909090909090909,50,0.51
0.52,0.00727272727272727,8,0.459
0.56,0.00272727272727273,15,0.354
0.53,0.00909090909090909,7,0.596
0.55,0.00545454545454545,7,0.362
0.35,0.0109090909090909,47,2.078
0.33,0.0118181818181818,25,1.168
0.09,0.0236363636363636,255,8.187
0.02,0.0109090909090909,7059,319.117
0.08,0.0209090909090909,289,7.417
0.1,0.0245454545454545,258,7.423
0.07,0.0209090909090909,279,8.342
0.52,0.000909090909090909,43,0.492
0.6,0.000909090909090909,30,0.302
0.54,0.00181818181818182,29,0.631
0.62,0.00181818181818182,36,0.528
0.6,0.00181818181818182,33,0.575
0.21,0.0154545454545455,287,7.108
0.57,0.000909090909090909,36,0.336
0.23,0.0236363636363636,129,3.229
0.17,0.02,359,14.899
0.21,0.0127272727272727,197,3.948
0.56,0.000909090909090909,22,0.197
0.65,0.00181818181818182,36,0.519
0.53,0.00272727272727273,13,0.343
0.56,0.00363636363636364,20,0.627
0.58,0.00272727272727273,25,0.543
0.61,0.00454545454545455,15,0.501
0.63,0.00545454545454545,36,1.544
0.64,0.00545454545454545,7,0.28
0.64,0.00272727272727273,26,0.435
0.66,0.00545454545454545,23,0.811
0.67,0.00727272727272727,6,0.351
0.67,0.00636363636363636,12,0.637
0.66,0.00363636363636364,12,0.385
0.67,0.00454545454545455,26,0.703
0.68,0.00545454545454545,24,1.101
0.61,0.00363636363636364,6,0.188
0.61,0.00272727272727273,29,0.648
0.61,0.00181818181818182,23,0.342
0.67,0.00272727272727273,41,0.768
0.67,0.000909090909090909,74,0.663
0.69,0.000909090909090909,43,0.497
0.23,0.0190909090909091,120,2.612
0.22,0.0154545454545455,112,2.222
0.22,0.0109090909090909,374,7.978
0.64,0.00181818181818182,30,0.451
0.59,0.00363636363636364,15,0.447
0.56,0.00454545454545455,9,0.298
0.62,0.0127272727272727,8,0.661
0.65,0.0118181818181818,8,0.582
0.66,0.00727272727272727,18,0.728
0.66,0.0118181818181818,16,1.153
0.68,0.0154545454545455,7,0.73
0.69,0.0136363636363636,7,0.653
0.7,0.00909090909090909,7,0.41
0.7,0.00363636363636364,18,0.537
0.69,0.00909090909090909,9,0.455
0.7,0.0127272727272727,14,1.186
0.71,0.0118181818181818,7,0.528
0.72,0.00727272727272727,7,0.334
0.72,0.00272727272727273,22,0.56
0.7,0.000909090909090909,57,0.557
0.69,0.00545454545454545,8,0.265
0.7,0.00727272727272727,7,0.342
0.71,0.00636363636363636,20,0.897
0.71,0.00363636363636364,20,0.547
0.71,0.00181818181818182,37,0.574
0.63,0.00272727272727273,16,0.32
0.68,0.000909090909090909,37,0.433
0.72,0.00181818181818182,31,0.502
0.69,0.00363636363636364,15,0.408
0.54,0.01,7,0.592
0.53,0.00727272727272727,9,0.462
0.6,0.0190909090909091,8,1.004
0.63,0.0172727272727273,8,0.875
0.65,0.0109090909090909,8,0.537
0.61,0.00909090909090909,9,0.478
0.64,0.0172727272727273,9,0.86
0.66,0.0227272727272727,7,1.087
0.68,0.0209090909090909,7,0.965
0.71,0.00545454545454545,19,0.802
0.68,0.0145454545454545,9,0.671
0.7,0.0190909090909091,7,0.86
0.71,0.0172727272727273,7,0.772
0.72,0.0109090909090909,7,0.485
0.73,0.00454545454545455,25,0.882
0.73,0.000909090909090909,108,1.191
0.7,0.00818181818181818,17,0.778
0.71,0.0109090909090909,20,1.503
0.72,0.01,14,0.904
0.72,0.00636363636363636,7,0.281
0.73,0.00272727272727273,35,0.849
0.67,0.00363636363636364,7,0.211
0.68,0.00363636363636364,13,0.388
0.69,0.00181818181818182,61,1.065
0.65,0.00454545454545455,15,0.492
0.54,0.00272727272727273,25,0.571
0.64,0.00727272727272727,15,0.78
0.66,0.00454545454545455,15,0.442
0.62,0.00272727272727273,8,0.177
0.53,0.0145454545454545,10,0.882
0.58,0.00909090909090909,9,0.512
0.61,0.0172727272727273,9,0.91
0.67,0.0145454545454545,9,0.701
0.54,0.00636363636363636,14,0.778
0.57,0.0190909090909091,8,1.079
0.6,0.0172727272727273,8,0.931
0.63,0.0109090909090909,8,0.566
0.64,0.0227272727272727,7,1.141
0.67,0.0209090909090909,7,1.007
0.68,0.0127272727272727,16,1.216
0.7,0.00545454545454545,6,0.271
0.69,0.0190909090909091,6,0.894
0.7,0.0172727272727273,6,0.8
0.72,0.00454545454545455,6,0.219
0.68,0.00818181818181818,7,0.4
0.69,0.0109090909090909,12,1.022
0.7,0.01,6,0.466
0.71,0.00272727272727273,14,0.269
0.63,0.00454545454545455,13,0.467
0.63,0.00363636363636364,6,0.209
0.56,0.00181818181818182,20,0.383
0.53,0.0136363636363636,8,0.821
0.57,0.0118181818181818,8,0.7
0.58,0.0118181818181818,7,0.683
0.61,0.0163636363636364,7,0.847
0.64,0.0145454545454545,7,0.741
0.66,0.00909090909090909,7,0.456
0.61,0.00545454545454545,6,0.29
0.64,0.01,7,0.52
0.66,0.0136363636363636,6,0.659
0.68,0.0118181818181818,6,0.587
0.69,0.00727272727272727,6,0.367
0.7,0.00272727272727273,31,0.845
0.71,0.000909090909090909,43,0.471
0.65,0.00727272727272727,6,0.355
0.66,0.00181818181818182,26,0.406
0.53,0.00545454545454545,15,0.741
0.57,0.00818181818181818,7,0.448
0.61,0.00727272727272727,7,0.387
0.58,0.00454545454545455,7,0.281
0.61,0.00636363636363636,13,0.683
0.65,0.00363636363636364,6,0.193
0.66,0.000909090909090909,29,0.345
0.54,0.00363636363636364,6,0.23
0.55,0.00363636363636364,19,0.667
0.55,0.00181818181818182,13,0.264
0.02,0.0118181818181818,2905,135.077
0.01,0.00818181818181818,1208,57.47
0.67,0.00181818181818182,34,0.633
0.72,0.000909090909090909,71,0.702
0.18,0.0154545454545455,197,5.312
0.63,0.000909090909090909,30,0.209
0.68,0.00272727272727273,18,0.442
0.69,0.00272727272727273,20,0.43
0.7,0.00181818181818182,31,0.476
0.72,0.00545454545454545,37,1.486
0.74,0.00636363636363636,24,1.441
0.74,0.00545454545454545,10,0.49
0.74,0.00363636363636364,62,1.879
0.73,0.00181818181818182,32,0.453
0.74,0.00454545454545455,33,1.076
0.74,0.00272727272727273,31,0.668
0.74,0.000909090909090909,94,1.172
0.75,0.000909090909090909,147,1.721
0.68,0.00454545454545455,8,0.216
0.73,0.00636363636363636,27,1.189
0.73,0.01,8,0.455
0.74,0.0136363636363636,6,0.589
0.74,0.0118181818181818,13,1.043
0.75,0.00727272727272727,13,0.653
0.75,0.00272727272727273,28,0.807
0.75,0.00818181818181818,16,1.091
0.75,0.0109090909090909,12,0.98
0.75,0.01,6,0.44
0.76,0.00636363636363636,21,1.13
0.76,0.00272727272727273,72,2.104
0.74,0.00181818181818182,41,0.741
0.75,0.00636363636363636,16,0.85
0.75,0.00545454545454545,25,1.009
0.75,0.00363636363636364,13,0.489
0.75,0,459,1.069
0.68,0.00181818181818182,37,0.63
0.73,0.00363636363636364,34,1.037
0.76,0.000909090909090909,113,1.533
0.57,0.00181818181818182,12,0.231
0.62,0.00727272727272727,7,0.38
0.66,0.00636363636363636,8,0.325
0.71,0.00818181818181818,8,0.364
0.72,0.0145454545454545,8,0.672
0.74,0.0127272727272727,8,0.545
0.65,0.00909090909090909,6,0.478
0.67,0.00818181818181818,6,0.423
0.7,0.0163636363636364,7,0.757
0.71,0.0145454545454545,13,1.327
0.73,0.00909090909090909,7,0.426
0.73,0.02,6,0.869
0.74,0.0181818181818182,6,0.785
0.75,0.00454545454545455,19,0.654
0.75,0.0163636363636364,6,0.709
0.75,0.0145454545454545,6,0.644
0.76,0.00909090909090909,10,0.805
0.76,0.00363636363636364,73,2.94
0.75,0.00909090909090909,44,2.829
0.76,0.00818181818181818,10,0.724
0.76,0.00545454545454545,10,0.475
0.76,0.00181818181818182,118,2.445
0.75,0.00181818181818182,56,1.155
0.72,0.00363636363636364,21,0.565
0.59,0.00727272727272727,8,0.408
0.64,0.00636363636363636,8,0.344
0.66,0.0127272727272727,9,0.622
0.69,0.00818181818181818,8,0.379
0.71,0.0154545454545455,8,0.696
0.73,0.0127272727272727,8,0.561
0.62,0.00909090909090909,7,0.509
0.64,0.00909090909090909,14,0.906
0.68,0.0163636363636364,8,0.791
0.7,0.0154545454545455,8,0.705
0.71,0.00909090909090909,8,0.44
0.72,0.02,7,0.897
0.73,0.0181818181818182,7,0.808
0.74,0.0163636363636364,6,0.728
0.75,0.0154545454545455,6,0.66
0.74,0.00727272727272727,14,0.66
0.55,0.00454545454545455,7,0.31
0.58,0.00636363636363636,7,0.382
0.68,0.0109090909090909,7,0.514
0.7,0.00636363636363636,7,0.319
0.67,0.00545454545454545,13,0.536
0.72,0.0127272727272727,6,0.582
0.73,0.00818181818181818,6,0.366
0.71,0.00454545454545455,12,0.423
0.72,0.00909090909090909,6,0.405
0.73,0.0118181818181818,5,0.524
0.74,0.0109090909090909,5,0.474
0.74,0,435,1.014
0.69,0.00636363636363636,7,0.329
0.7,0.00454545454545455,7,0.206
0.77,0,2614,5.482
0.03,0.0154545454545455,5166,240.481
0.03,0.0145454545454545,8674,384.234
0.03,0.0163636363636364,3175,153.772
0.04,0.0190909090909091,2908,140.527
0.04,0.02,2977,141.493
0.03,0.0172727272727273,2378,115.269
0.04,0.0181818181818182,2925,132.034
0.16,0.0154545454545455,389,15.226
0.18,0.0145454545454545,150,5.112
0.48,0.0145454545454545,1,0.981
0.48,0.0136363636363636,1,0.897
0.76,0.00454545454545455,14,0.633
0.76,0.00727272727272727,25,1.595
0.77,0.00454545454545455,23,1.235
0.77,0.00181818181818182,68,2.055
0.77,0.00636363636363636,8,0.558
0.77,0.00363636363636364,26,1.34
0.77,0.000909090909090909,203,3.629
0.73,0.00545454545454545,6,0.238
0.74,0.01,13,0.888
0.76,0.0118181818181818,6,0.515
0.76,0.0109090909090909,11,0.949
0.77,0.00272727272727273,53,1.954
0.76,0.01,9,0.862
0.77,0.00909090909090909,5,0.389
0.77,0.00545454545454545,27,1.456
0.69,0.00454545454545455,7,0.213
0.73,0.00727272727272727,12,0.672
0.74,0.00909090909090909,6,0.408
0.75,0.0118181818181818,5,0.528
0.05,0.0227272727272727,902,39.62
0.03,0.0181818181818182,307,14.878
0.04,0.0218181818181818,1716,88.529
0.04,0.0227272727272727,931,45.297
0.05,0.0263636363636364,1188,61.529
0.05,0.0236363636363636,2008,101.329
0.05,0.0254545454545455,1751,90.135
0.05,0.0281818181818182,613,31.674
0.05,0.0245454545454545,1508,74.846
0.04,0.0209090909090909,1988,103.304
0.06,0.0245454545454545,275,12.91
0.05,0.0290909090909091,302,15.79
0.06,0.0272727272727273,279,14.725
0.06,0.0309090909090909,294,16.113
0.04,0.0236363636363636,572,31.355
0.02,0.0127272727272727,475,27.921
0.32,0.0118181818181818,72,1.209
0.24,0.0145454545454545,172,3.869
0.29,0.01,82,2.193
0.32,0.0136363636363636,68,1.373
0.19,0.0172727272727273,123,5.764
0.19,0.0127272727272727,189,8.691
0.21,0.0163636363636364,115,4.962
0.23,0.0136363636363636,81,3.722
0.28,0.0127272727272727,36,1.411
0.23,0.0181818181818182,112,5.079
0.27,0.0181818181818182,31,2.161
0.26,0.0136363636363636,24,1.745
0.3,0.0145454545454545,27,1.532
0.34,0.0109090909090909,24,1.033
0.18,0.02,202,10.579
0.2,0.0181818181818182,46,2.956
0.19,0.02,81,3.269
0.22,0.0145454545454545,121,4.169
0.21,0.0181818181818182,69,2.751
0.12,0.0236363636363636,90,6
0.13,0.0263636363636364,84,6.124
0.16,0.0254545454545455,74,5.084
0.16,0.0236363636363636,68,4.502
0.17,0.0190909090909091,66,3.456
