endX,endY,Count,WeightedCount,WeightedExpectedGoals,GoalProbability
70,34,2083,18.485,0,0
70,36,1939,20.216,0,0
70,38,1938,24.655,0,0
70,40,2219,28.022,0,0
70,42,2354,29.773,0,0
70,44,2486,32.89,0,0
70,46,2756,38.09,0,0
68,30,1745,30.238,0,0
68,32,1745,29.385,0,0
68,34,1886,27.647,0,0.001
68,36,1661,28.152,0,0.002
68,38,1938,31.334,0,0.002
68,40,2217,33.749,0,0.002
68,42,2493,34.334,0,0.002
68,44,2232,36.338,0,0.001
68,46,2641,42.386,0,0
68,48,2615,51.604,0,0
66,30,1605,34.945,0,0
66,32,1605,36.862,0,0.001
66,34,1469,36.174,0,0.003
66,36,1525,35.468,0,0.006
66,38,1804,37.029,0,0.009
66,40,2078,39.279,0,0.009
66,42,2356,41.321,0,0.007
66,44,2373,45.396,0,0.003
66,46,2641,53.62,0,0.001
66,48,2642,65.288,0,0
66,50,2782,76.265,0,0
64,28,1743,29.81,0,0
64,30,1743,34.883,0,0.001
64,32,1328,39.936,0,0.003
64,34,1469,40.789,0,0.008
64,36,1385,39.4,0.002,0.018
64,38,1804,39.628,0.004,0.027
64,40,1943,41.466,0.005,0.028
64,42,2217,44.112,0.003,0.02
64,44,2097,48.783,0.001,0.009
64,46,2236,56.554,0,0.003
64,48,2503,66.494,0,0.001
64,50,2643,74.769,0,0
62,28,1322,23.705,0,0
62,30,1328,30.576,0,0.002
62,32,1328,37.123,0,0.006
62,34,1469,38.696,0.002,0.018
62,36,1382,37.403,0.009,0.042
62,38,1387,37.297,0.021,0.064
62,40,1664,38.169,0.024,0.068
62,42,1943,38.846,0.013,0.05
62,44,2102,40.569,0.004,0.025
62,46,2101,44.523,0,0.008
62,48,2231,50.023,0,0.002
62,50,2231,54.317,0,0
62,52,2087,53.537,0,0
60,28,1322,16.938,0,0.001
60,30,1044,23.435,0,0.003
60,32,1328,28.945,0,0.012
60,34,1469,30.408,0.004,0.036
60,36,1382,30.291,0.021,0.079
60,38,1385,31.229,0.049,0.119
60,40,1526,31.358,0.057,0.127
60,42,1684,29.062,0.032,0.103
60,44,1823,26.491,0.009,0.059
60,46,1682,26.04,0.001,0.022
60,48,1683,27.795,0,0.005
60,50,1948,30.056,0,0.001
60,52,1808,30.137,0,0
58,28,1322,12.428,0,0.001
58,30,1044,16.766,0,0.005
58,32,1184,19.472,0,0.019
58,34,1328,20.067,0.005,0.058
58,36,1244,21.077,0.024,0.123
58,38,1385,23.193,0.057,0.172
58,40,1405,23.207,0.065,0.185
58,42,1546,19.44,0.037,0.165
58,44,1823,14.654,0.01,0.114
58,46,1399,12.079,0.001,0.051
58,48,1539,12.613,0,0.012
58,50,1539,15.392,0,0.002
58,52,1807,18.207,0,0
56,28,1183,12.493,0,0.001
56,30,1185,14.456,0,0.004
56,32,1044,13.705,0,0.02
56,34,1046,12.209,0.003,0.072
56,36,1100,12.606,0.013,0.154
56,38,980,14.452,0.032,0.207
56,40,1121,14.514,0.037,0.221
56,42,1402,11.369,0.021,0.211
56,44,1402,7.294,0.006,0.172
56,46,1399,5.166,0.001,0.089
56,48,1399,6.271,0,0.019
56,50,1398,10.552,0,0.002
56,52,1677,15.928,0,0
54,28,1063,15.769,0,0.002
54,30,787,16.213,0,0.004
54,32,927,12.493,0,0.014
54,34,840,8.305,0.001,0.057
54,36,980,6.708,0.004,0.152
54,38,980,7.131,0.009,0.219
54,40,980,7.051,0.01,0.238
54,42,1261,5.34,0.006,0.235
54,44,1122,3.184,0.002,0.206
54,46,1122,2.358,0,0.101
54,48,1121,4.085,0,0.015
54,50,1399,8.867,0,0.001
52,28,925,17.434,0,0.011
52,30,787,17.319,0,0.013
52,32,700,12.26,0,0.017
52,34,840,6.601,0,0.038
52,36,840,3.546,0,0.112
52,38,840,2.781,0.001,0.207
52,40,700,2.524,0.001,0.242
52,42,840,1.871,0.001,0.244
52,44,702,1.129,0,0.212
52,46,702,1.094,0,0.08
52,48,1260,2.649,0,0.008
52,50,1120,6.351,0,0.001
50,30,561,15.094,0.002,0.06
50,32,561,10.525,0.001,0.066
50,34,561,5.251,0,0.075
50,36,561,2.097,0,0.106
50,38,561,0.98,0,0.181
50,40,420,0.676,0,0.238
50,42,419,0.473,0,0.246
50,44,281,0.31,0,0.196
50,46,281,0.446,0,0.05
50,48,559,1.339,0,0.004
48,32,561,9.087,0.007,0.224
48,34,561,4.545,0.002,0.236
48,36,420,1.631,0,0.248
48,38,420,0.48,0,0.258
48,40,420,0.172,0,0.26
48,42,141,0.081,0,0.254
48,44,281,0.068,0,0.159
48,46,281,0.144,0,0.027
46,36,420,1.909,0.001,0.426
46,38,420,0.488,0,0.429
46,40,420,0.096,0,0.413
46,42,282,0.019,0,0.375
60,60,1804,10.233,0,0
58,54,1945,18.088,0,0
58,56,1945,14.186,0,0
58,58,1945,8.967,0,0
58,60,1804,5.234,0,0
58,62,1525,3.652,0,0
58,64,1246,3.52,0,0
58,66,1117,3.948,0,0
56,54,1676,18.29,0,0
56,56,1665,15.51,0,0
56,58,1664,10.021,0,0
56,60,1525,5.438,0,0
56,62,1256,2.899,0,0
56,64,1257,1.801,0,0
56,66,978,1.411,0,0
56,68,838,1.235,0,0
54,52,1396,15.002,0,0
54,54,1118,18.578,0,0
54,56,1257,17.398,0,0
54,58,1256,13.389,0,0
54,60,1256,9.302,0,0
54,62,838,5.889,0,0
54,64,838,3.238,0,0
54,66,838,1.569,0,0
54,68,838,0.765,0,0
54,70,698,0.396,0,0
52,52,838,11.429,0,0
52,54,697,15.716,0,0
52,56,837,18.029,0,0
52,58,558,18.71,0,0
52,60,558,17.292,0,0
52,62,698,13.127,0,0
52,64,698,7.919,0,0
52,66,698,4.048,0,0
52,68,558,1.959,0,0
52,70,558,0.902,0,0
50,50,418,3.466,0,0
50,52,418,7.036,0,0
50,54,418,12.123,0,0
50,56,558,18.969,0,0
50,58,558,25.863,0,0
50,60,558,28.132,0,0
50,62,558,23.404,0,0
50,64,558,15.477,0,0
50,66,558,9.121,0,0
50,68,418,5.19,0,0
50,70,418,2.646,0,0
50,72,418,1.061,0,0
48,48,418,0.517,0,0
48,50,418,1.558,0,0
48,52,418,4.071,0,0
48,54,558,9.638,0,0
48,56,558,19.415,0,0
48,58,558,30.421,0,0
48,60,558,35.477,0,0
48,62,558,31.363,0,0
48,64,558,23.032,0,0
48,66,418,15.906,0,0
48,68,418,10.418,0,0
48,70,418,5.715,0,0
48,72,418,2.357,0,0
46,48,418,0.171,0,0
46,50,418,0.685,0,0
46,52,418,2.46,0,0
46,54,558,7.322,0,0
46,56,558,16.562,0,0
46,58,558,27.346,0,0
46,60,558,33.127,0,0
46,62,558,31.292,0,0
46,64,558,26.093,0,0
46,66,418,21.022,0,0
46,68,418,15.27,0,0
46,70,418,8.764,0,0
46,72,418,3.672,0,0
44,48,418,0.058,0,0
44,50,418,0.316,0,0
44,52,418,1.384,0,0
44,54,558,4.529,0,0
44,56,558,10.652,0,0
44,58,558,18.003,0,0
44,60,558,22.649,0,0
44,62,418,23.316,0,0
44,64,418,22.417,0,0
44,66,418,20.6,0,0
44,68,418,16.052,0,0
44,70,418,9.465,0,0
44,72,418,4.002,0,0
42,48,139,0.013,0,0
42,50,418,0.131,0,0
42,52,418,0.619,0,0
42,54,558,2.084,0,0
42,56,558,4.972,0,0
42,58,558,8.573,0,0
42,60,418,11.344,0,0
42,62,418,13.024,0,0
42,64,418,14.429,0,0
42,66,418,14.67,0,0
42,68,418,11.962,0,0
42,70,418,7.167,0,0
42,72,279,3.043,0,0
40,50,278,0.042,0,0
40,52,278,0.202,0,0
40,54,418,0.69,0,0
40,56,418,1.663,0,0
40,58,418,2.947,0,0
40,60,418,4.181,0,0
40,62,418,5.44,0,0
40,64,418,6.843,0,0
40,66,418,7.478,0,0
40,68,418,6.274,0,0
40,70,418,3.796,0,0
38,50,139,0.008,0,0
38,52,278,0.048,0,0
38,54,278,0.16,0,0
38,56,418,0.398,0,0
38,58,418,0.732,0,0
38,60,418,1.137,0,0
38,62,418,1.686,0,0
38,64,418,2.353,0,0
38,66,418,2.701,0,0
38,68,418,2.307,0,0
36,52,139,0.007,0,0
36,54,139,0.023,0,0
36,56,278,0.062,0,0
36,58,418,0.132,0,0
36,60,418,0.228,0,0
36,62,418,0.384,0,0
36,64,418,0.579,0,0
36,66,279,0.684,0,0
34,56,139,0.007,0,0
34,58,139,0.011,0,0
34,60,279,0.032,0,0
34,62,279,0.062,0,0
102,46,984,1.792,0,0.03
102,48,1122,3.874,0,0.015
102,50,1402,8.617,0.001,0.018
100,42,838,2.986,0.001,0.204
100,44,1123,2.454,0,0.076
100,46,1263,4.387,0,0.017
100,48,1681,8.203,0,0.01
100,50,1543,14.196,0,0.009
100,52,1686,23.334,0.001,0.01
100,54,1546,34.139,0.003,0.01
98,40,1112,3.864,0.003,0.223
98,42,1535,2.761,0,0.138
98,44,1820,4.464,0,0.047
98,46,1681,9.232,0,0.025
98,48,1960,16.057,0,0.017
98,50,1934,23.852,0,0.011
98,52,1934,33.177,0,0.007
98,54,1934,44.159,0.001,0.005
98,56,2070,52.992,0.001,0.003
98,58,1792,53.539,0,0.002
96,38,1112,3.375,0.001,0.176
96,40,1396,2.928,0,0.13
96,42,1535,3.785,0,0.086
96,44,1814,7.866,0,0.067
96,46,2486,16.03,0.001,0.054
96,48,2491,26.333,0.002,0.04
96,50,2352,35.639,0.001,0.026
96,52,2073,43.681,0.001,0.013
96,54,2071,52.788,0,0.005
96,56,2209,62.326,0,0.002
96,58,2070,65.872,0,0.001
94,36,1397,3.711,0,0.055
94,38,1534,5.046,0,0.039
94,40,1537,6.136,0,0.041
94,42,1953,8.316,0.001,0.072
94,44,2062,14.192,0.004,0.1
94,46,2483,25.055,0.011,0.098
94,48,2771,37.801,0.017,0.08
94,50,2632,47.037,0.012,0.055
94,52,2627,51.717,0.004,0.03
94,54,2348,56.491,0.001,0.012
94,56,2348,64.476,0,0.003
94,58,2209,69.898,0,0.001
94,60,2209,62.89,0,0
92,36,1397,9.37,0,0.007
92,38,1678,13.803,0,0.009
92,40,1961,17.066,0,0.02
92,42,1953,20.191,0.002,0.056
92,44,2062,26.821,0.015,0.104
92,46,2345,38.801,0.044,0.126
92,48,2740,51.853,0.066,0.116
92,50,2883,58.805,0.048,0.088
92,52,2881,58.37,0.017,0.054
92,54,2602,57.145,0.003,0.024
92,56,2461,61.132,0,0.007
92,58,2600,66.089,0,0.002
92,60,2209,61.202,0,0
90,36,1397,20.722,0,0.003
90,38,1817,30.197,0.001,0.005
90,40,2238,37.029,0.001,0.013
90,42,2065,41.11,0.005,0.038
90,44,2176,46.931,0.028,0.083
90,46,2460,57.523,0.085,0.119
90,48,2879,68.397,0.127,0.123
90,50,3291,71.63,0.093,0.102
90,52,3013,66.04,0.035,0.068
90,54,2737,59.003,0.008,0.034
90,56,2317,57.669,0.001,0.012
90,58,2456,60.004,0,0.003
90,60,2456,56.723,0,0.001
88,36,1399,33.669,0.001,0.003
88,38,1818,47.505,0.001,0.004
88,40,2100,58.281,0.001,0.009
88,42,2322,63.62,0.005,0.025
88,44,2317,67.324,0.027,0.057
88,46,2592,73.911,0.081,0.09
88,48,3010,80.745,0.121,0.102
88,50,3426,80.754,0.091,0.09
88,52,3287,72.424,0.039,0.064
88,54,3013,61.892,0.011,0.036
88,56,2595,55.959,0.003,0.015
88,58,2593,55.021,0,0.004
88,60,2595,52.572,0,0.001
86,36,1816,40.721,0.001,0.003
86,38,1677,54.012,0.002,0.003
86,40,2240,66.68,0.002,0.006
86,42,2873,73.838,0.004,0.015
86,44,2729,76.354,0.015,0.035
86,46,2727,78.774,0.04,0.059
86,48,3149,81.603,0.059,0.07
86,50,3426,80.156,0.049,0.065
86,52,3285,72.061,0.027,0.049
86,54,3148,60.926,0.012,0.03
86,56,2869,52.616,0.004,0.014
86,58,2732,49.466,0.001,0.005
86,60,2591,47.254,0,0.001
84,36,1955,37.858,0.001,0.002
84,38,1955,45.473,0.001,0.003
84,40,2342,56.906,0.002,0.005
84,42,2873,66.248,0.004,0.01
84,44,2873,70.518,0.007,0.02
84,46,2588,71.862,0.013,0.032
84,48,2870,72.705,0.018,0.04
84,50,3286,71.218,0.018,0.038
84,52,3287,64.56,0.014,0.031
84,54,3286,54.08,0.008,0.021
84,56,2867,45.035,0.003,0.012
84,58,2585,40.85,0,0.005
84,60,2311,38.541,0,0.001
82,38,2373,29.599,0,0.003
82,40,2623,38.491,0.001,0.004
82,42,2623,49.807,0.003,0.007
82,44,2876,58.179,0.005,0.01
82,46,2588,62.034,0.005,0.015
82,48,2870,63.296,0.005,0.017
82,50,3007,62.177,0.005,0.017
82,52,3009,56.269,0.005,0.015
82,54,3147,45.684,0.003,0.012
82,56,2997,35.485,0.001,0.008
82,58,2716,30.013,0,0.003
80,40,2623,23.595,0.001,0.004
80,42,2623,36.645,0.002,0.005
80,44,2588,49.739,0.002,0.005
80,46,2591,58.004,0.002,0.005
80,48,2723,60.888,0.002,0.006
80,50,2868,59.405,0.002,0.006
80,52,2995,52.379,0.001,0.005
80,54,3136,40.027,0.001,0.005
80,56,2997,27.606,0,0.004
78,42,2623,31.16,0,0.002
78,44,2617,48.441,0.001,0.002
78,46,2585,61.074,0.001,0.002
78,48,2865,65.146,0.001,0.001
78,50,2711,61.401,0,0.001
78,52,3132,51.08,0,0.001
78,54,2990,36.301,0,0.002
76,48,3556,67.895,0,0
68,54,2470,70.296,0.001,0.001
66,52,2502,81.198,0,0
66,54,2218,79.228,0,0.001
66,56,2357,73.824,0.001,0.001
66,58,2078,66.08,0.001,0.002
66,60,1805,54.461,0.001,0.002
64,52,2358,76.093,0,0
64,54,2078,69.273,0,0
64,56,1946,58.734,0,0.001
64,58,1667,48.711,0,0.001
64,60,1805,39.848,0,0.001
64,62,1805,32.034,0,0.001
62,54,1667,46.448,0,0
62,56,1807,36.488,0,0
62,58,1667,28.002,0,0
62,60,1526,22.487,0,0
62,62,1525,19.34,0,0
62,64,1525,18.258,0,0
60,54,1806,26.312,0,0
60,56,1946,19.835,0,0
60,58,1806,13.832,0,0
60,62,1664,8.906,0,0
60,64,1386,9.161,0,0
60,66,1247,10.154,0,0
46,44,140,0.006,0,0
46,46,140,0.032,0,0
54,24,783,7.097,0,0.001
54,26,922,11.332,0,0.002
52,20,504,7.643,0,0.001
52,22,504,5.398,0,0.003
52,24,645,7.134,0,0.008
52,26,645,12.51,0,0.01
50,20,504,3.884,0,0.004
50,22,504,3.384,0,0.023
50,24,504,5.74,0,0.043
50,26,645,10.78,0.001,0.051
50,28,558,15.193,0.001,0.055
48,18,417,1.823,0,0.004
48,20,417,1.491,0,0.034
48,22,417,1.913,0,0.122
48,24,417,4.282,0.001,0.173
48,26,417,8.618,0.005,0.19
48,28,417,12.518,0.011,0.202
48,30,420,12.752,0.013,0.213
46,18,417,0.465,0,0.035
46,20,417,0.573,0,0.188
46,22,417,1.443,0,0.339
46,24,417,4.115,0.004,0.377
46,26,417,8.819,0.021,0.389
46,28,279,13.302,0.05,0.398
46,30,279,14.022,0.057,0.406
46,32,279,10.319,0.032,0.413
46,34,279,5.301,0.009,0.42
44,18,279,0.116,0,0.208
44,20,417,0.376,0,0.418
44,22,417,1.515,0.001,0.472
44,24,417,4.719,0.009,0.481
44,26,279,10.365,0.045,0.484
44,28,279,15.904,0.106,0.486
44,30,279,17.018,0.122,0.488
44,32,279,12.701,0.069,0.49
44,34,279,6.611,0.019,0.492
44,36,279,2.4,0.002,0.494
44,38,279,0.607,0,0.495
44,40,141,0.104,0,0.512
44,42,141,0.013,0,0.512
42,18,279,0.056,0,0.44
42,20,141,0.312,0,0.512
42,22,279,1.44,0.001,0.506
42,24,279,4.562,0.009,0.506
42,26,279,10.078,0.046,0.507
42,28,279,15.523,0.11,0.507
42,30,279,16.67,0.127,0.508
42,32,279,12.481,0.071,0.508
42,34,279,6.516,0.019,0.508
42,36,279,2.372,0.003,0.509
42,38,141,0.598,0,0.512
42,40,141,0.106,0,0.512
42,42,141,0.013,0,0.512
40,18,141,0.034,0,0.512
40,20,141,0.222,0,0.512
40,22,141,1.009,0,0.512
40,24,279,3.207,0.005,0.511
40,26,279,7.091,0.023,0.511
40,28,279,10.93,0.055,0.511
40,30,279,11.746,0.064,0.511
40,32,279,8.8,0.036,0.511
40,34,279,4.597,0.01,0.512
40,36,141,1.672,0.001,0.512
40,38,141,0.425,0,0.512
40,40,141,0.075,0,0.512
40,42,141,0.009,0,0.512
38,18,141,0.017,0,0.512
38,20,141,0.11,0,0.512
38,22,141,0.499,0,0.512
38,24,141,1.584,0.001,0.512
38,26,141,3.502,0.006,0.512
38,28,141,5.399,0.014,0.512
38,30,141,5.803,0.016,0.512
38,32,141,4.348,0.009,0.512
38,34,141,2.272,0.002,0.512
38,36,141,0.827,0,0.512
38,38,141,0.21,0,0.512
38,40,141,0.037,0,0.512
36,20,141,0.038,0,0.512
36,22,141,0.172,0,0.512
36,24,141,0.546,0,0.512
36,26,141,1.208,0.001,0.512
36,28,141,1.863,0.002,0.512
36,30,141,2.002,0.002,0.512
36,32,141,1.5,0.001,0.512
36,34,141,0.784,0,0.512
36,36,141,0.285,0,0.512
36,38,141,0.072,0,0.512
36,40,141,0.013,0,0.512
34,20,141,0.009,0,0.512
34,22,141,0.041,0,0.512
34,24,141,0.131,0,0.512
34,26,141,0.291,0,0.512
34,28,141,0.448,0,0.512
34,30,141,0.482,0,0.512
34,32,141,0.361,0,0.512
34,34,141,0.189,0,0.512
34,36,141,0.069,0,0.512
34,38,141,0.017,0,0.512
32,22,141,0.007,0,0.512
32,24,141,0.022,0,0.512
32,26,141,0.049,0,0.512
32,28,141,0.075,0,0.512
32,30,141,0.081,0,0.512
32,32,141,0.061,0,0.512
32,34,141,0.032,0,0.512
32,36,141,0.012,0,0.512
30,28,141,0.009,0,0.512
30,30,141,0.009,0,0.512
30,32,141,0.007,0,0.512
56,70,699,1.005,0,0
56,72,420,0.731,0,0
54,72,420,0.197,0,0
54,74,420,0.103,0,0
52,72,419,0.342,0,0
52,74,140,0.095,0,0
52,76,140,0.02,0,0
50,74,140,0.307,0,0
50,76,140,0.064,0,0
50,78,140,0.009,0,0
48,74,140,0.692,0,0
48,76,140,0.144,0,0
48,78,140,0.021,0,0
46,74,140,1.086,0,0
46,76,140,0.226,0,0
46,78,140,0.033,0,0
44,74,140,1.188,0,0
44,76,140,0.247,0,0
44,78,140,0.036,0,0
42,74,140,0.907,0,0
42,76,140,0.189,0,0
42,78,140,0.027,0,0
40,72,140,1.615,0,0
40,74,140,0.482,0,0
40,76,140,0.1,0,0
40,78,140,0.015,0,0
38,70,140,1.398,0,0
38,72,140,0.599,0,0
38,74,140,0.179,0,0
38,76,140,0.037,0,0
36,68,140,0.588,0,0
36,70,140,0.361,0,0
36,72,140,0.155,0,0
36,74,140,0.046,0,0
36,76,140,0.01,0,0
34,64,140,0.095,0,0
34,66,140,0.12,0,0
34,68,140,0.106,0,0
34,70,140,0.065,0,0
34,72,140,0.028,0,0
34,74,140,0.008,0,0
32,62,140,0.007,0,0
32,64,140,0.012,0,0
32,66,140,0.015,0,0
32,68,140,0.013,0,0
32,70,140,0.008,0,0
80,58,2718,20.37,0,0.002
80,60,2157,17.927,0,0.001
78,56,2853,22.564,0,0.002
78,58,2713,14.862,0,0.002
78,60,2017,13.404,0,0.001
78,62,1881,15.175,0,0.001
78,64,1743,16.514,0,0
76,50,3417,60.825,0,0
76,52,2992,47.333,0,0
76,54,3132,32.391,0,0.001
76,56,2849,20.837,0,0.003
76,58,2712,15.189,0,0.004
76,60,2294,14.72,0,0.003
76,62,2013,17.255,0,0.002
76,64,1630,19.339,0,0.001
76,66,1520,17.959,0,0
74,48,3030,61.261,0,0
74,50,2861,53.074,0,0
74,52,3134,40.647,0,0.001
74,54,2994,30.363,0,0.002
74,56,2712,25.133,0.001,0.004
74,58,2712,23.27,0.001,0.006
74,60,2183,21.953,0.001,0.005
74,62,1768,20.848,0,0.003
74,64,1909,19.713,0,0.001
74,66,1520,16.967,0,0
74,68,1383,13.648,0,0
72,46,2754,46.575,0,0
72,48,2754,48.597,0,0
72,50,2754,44.123,0,0
72,52,2893,38.079,0,0.001
72,54,2746,35.862,0.001,0.003
72,56,2606,38.202,0.002,0.005
72,58,2327,39.567,0.003,0.006
72,60,2187,34.96,0.002,0.005
72,62,1910,26.515,0.001,0.004
72,64,1521,19.014,0,0.002
72,66,1383,13.763,0,0.001
72,68,1106,10.7,0,0
70,48,2754,42.904,0,0
70,50,2753,45.669,0,0
70,52,2474,47.506,0,0.001
70,54,2469,51.363,0.001,0.002
70,56,2330,57.241,0.003,0.004
70,58,2190,58.638,0.004,0.004
70,60,1910,49.742,0.003,0.004
70,62,1799,34.405,0.001,0.004
70,64,1522,21.074,0,0.003
70,66,1245,13.445,0,0.001
70,68,1106,10.566,0,0
70,70,1106,10.889,0,0
68,50,2614,60.739,0,0
68,52,2474,66.793,0,0.001
68,56,2470,72.587,0.002,0.002
68,58,2190,70.02,0.003,0.003
68,60,1662,58.258,0.002,0.003
68,62,1524,40.847,0.001,0.003
68,64,1522,26.07,0,0.002
68,66,1245,18.125,0,0.001
68,68,1245,15.706,0,0
68,70,1106,16.123,0,0
66,62,1665,40.613,0,0.001
66,64,1524,29.519,0,0.001
66,66,1245,24.027,0,0
66,68,1245,22.623,0,0
66,70,1106,22.704,0,0
64,64,1524,26.754,0,0
64,66,1107,24.876,0,0
64,68,1245,24.617,0,0
64,70,966,23.987,0,0
62,66,968,18.784,0,0
62,68,829,19.146,0,0
60,68,689,10.536,0,0
92,24,703,0.11,0,0.012
92,26,704,0.213,0,0
90,18,140,0.007,0,0
90,20,284,0.027,0,0
90,22,565,0.102,0,0
90,24,425,0.306,0,0
90,26,564,0.861,0,0
90,28,703,1.966,0,0
90,30,982,3.738,0,0.001
90,32,1120,6.685,0,0.003
88,16,401,0.044,0,0.01
88,18,264,0.074,0,0
88,20,685,0.191,0,0
88,22,964,0.489,0,0
88,24,964,1.214,0,0
88,26,979,2.918,0,0
88,28,980,6.033,0,0
88,30,1259,10.187,0,0.001
88,32,1261,15.022,0,0.001
88,34,1400,22.175,0,0.002
86,14,401,0.21,0,0.026
86,16,678,0.31,0,0.012
86,18,678,0.498,0,0.004
86,20,1101,0.972,0,0.001
86,22,964,1.932,0,0
86,24,964,3.818,0,0
86,26,1103,7.518,0,0
86,28,1118,13.716,0,0
86,30,1397,20.99,0,0
86,32,1400,26.728,0,0.001
86,34,1400,31.87,0,0.002
84,14,678,1.111,0,0.027
84,16,678,1.497,0,0.014
84,18,960,2.19,0,0.005
84,20,1101,3.622,0,0.001
84,22,1101,6.213,0,0
84,24,964,10.076,0,0
84,26,1103,15.717,0,0
84,28,1242,23.856,0,0
84,30,1397,32.432,0,0
84,32,1538,36.769,0,0
84,34,1539,36.501,0,0.001
82,14,795,4.083,0,0.029
82,16,816,5.194,0,0.016
82,18,960,6.937,0,0.006
82,20,1101,10.283,0,0.001
82,22,1101,15.8,0,0
82,24,1101,22.308,0,0
82,26,1103,28.253,0,0
82,28,1242,33.933,0,0
82,30,1380,38.655,0,0
82,32,1538,38.644,0,0
82,34,1821,33.055,0,0.001
82,36,2101,27.912,0,0.002
80,12,795,8.058,0.002,0.042
80,14,795,10.581,0.002,0.031
80,16,933,12.824,0.001,0.018
80,18,1077,16.02,0,0.007
80,20,1218,21.905,0,0.002
80,22,1101,31.058,0,0
80,24,1101,40.107,0,0
80,26,1084,44.076,0,0
80,28,1223,42.548,0,0
80,30,1500,38.323,0,0
80,32,1802,31.963,0,0
80,34,2081,23.566,0,0
80,36,2101,16.723,0,0.001
80,38,2236,16.165,0,0.003
78,12,935,15.251,0.007,0.042
78,14,935,19.46,0.007,0.032
78,16,1073,22.56,0.003,0.019
78,18,1073,26.732,0.001,0.008
78,20,1496,34.542,0,0.002
78,22,1496,46.287,0,0
78,24,1499,56.434,0,0
78,26,1222,57.145,0,0
78,28,1361,47.707,0,0
78,30,1644,34.486,0,0
78,32,1661,22.721,0,0
78,34,2081,13.908,0,0
78,36,2355,8.813,0,0.001
78,38,2356,9.1,0,0.002
76,12,935,20.886,0.013,0.041
76,14,935,26.008,0.012,0.032
76,16,1211,28.841,0.006,0.02
76,18,1211,32.467,0.001,0.008
76,20,1355,40.053,0,0.002
76,22,1703,51.555,0,0
76,24,1703,60.45,0,0
76,26,1499,58.454,0,0
76,28,1366,45.319,0,0
76,30,1644,28.764,0,0
76,32,1799,15.737,0,0
76,34,2496,8.332,0,0
76,36,2634,5.852,0,0
76,38,2636,7.897,0,0.001
74,14,1073,27.232,0.011,0.029
74,16,1298,28.822,0.005,0.019
74,18,1298,30.254,0.001,0.008
74,20,1418,35.093,0,0.002
74,22,1562,43.312,0,0
74,24,1703,49.315,0,0
74,26,1842,46.639,0,0
74,28,1732,35.583,0,0
74,30,1873,22.348,0,0
74,32,1802,12.359,0,0
74,34,2360,7.573,0,0
74,36,2632,7.593,0,0
72,14,1160,26.19,0.005,0.019
72,16,1298,26.908,0.002,0.013
72,18,1418,25.813,0,0.006
72,20,1418,26.712,0,0.002
72,22,1418,30.498,0,0
72,24,1701,33.738,0,0
72,26,1846,32.358,0,0
72,28,1873,26.537,0,0
72,30,2013,19.478,0,0
72,32,1749,13.755,0,0
72,34,2220,11.233,0,0
72,36,2637,12.939,0,0
70,16,1298,27.844,0,0.006
70,18,1418,25.883,0,0.003
70,20,1418,24.12,0,0.001
70,22,1557,24.73,0,0
70,24,1698,26.449,0,0
70,26,1705,26.743,0,0
70,28,1872,25.368,0,0
70,30,2013,23.167,0,0
70,32,1889,20.328,0,0
68,18,1556,29.058,0,0.001
68,20,1418,27.62,0,0
68,22,1698,27.545,0,0
68,24,1561,28.684,0,0
68,26,1561,29.39,0,0
68,28,1728,29.79,0,0
66,22,1836,31.322,0,0
66,24,1699,32.124,0,0
66,26,1701,31.874,0,0
66,28,1604,32.391,0,0
82,60,2301,27.447,0,0.001
80,62,1880,16.762,0,0
80,64,1601,14.979,0,0
78,66,1104,15.154,0,0
78,68,960,12.38,0,0
76,68,1380,14.598,0,0
74,70,1105,13.284,0,0
72,70,966,10.75,0,0
76,42,2908,30.545,0,0.001
76,44,2901,49.544,0,0.001
76,46,2901,64.224,0,0
74,40,2915,18.338,0,0
74,42,2885,30.409,0,0
74,44,2485,46.361,0,0
74,46,2764,59.065,0,0
72,38,2223,17.531,0,0
72,40,2213,22.81,0,0
72,42,2465,29.376,0,0
72,44,2484,38.411,0,0
88,62,2039,43.473,0,0
88,64,1923,30.681,0,0
88,66,1361,21.037,0,0
88,68,1252,16.845,0,0
86,62,2037,40.633,0,0
86,64,1475,30.737,0,0
86,66,1361,23.432,0,0
86,68,1499,20.742,0,0
86,70,1112,18.513,0,0
86,72,972,13.4,0,0
84,62,2035,33.239,0,0
84,64,1613,25.574,0,0
84,66,1362,20.339,0,0
84,68,975,18.863,0,0
84,70,972,17.295,0,0
84,72,828,12.73,0,0
84,74,690,6.944,0,0
82,62,1753,23.647,0,0
82,64,1615,18.522,0,0
82,66,1084,14.924,0,0
82,68,835,13.7,0,0
82,70,835,12.618,0,0
82,72,691,9.891,0,0
82,74,553,6.253,0,0
82,76,416,3.215,0,0
80,66,1084,12.735,0,0
80,68,835,10.89,0,0
80,70,691,9.887,0,0
80,72,691,9.242,0,0
80,74,416,7.918,0,0
80,76,416,5.553,0,0
78,70,831,11.328,0,0
78,72,693,12.473,0,0
78,74,556,12.787,0,0
78,76,556,10.038,0,0
76,70,1111,13.755,0,0
76,72,696,16.178,0,0
76,74,556,17.357,0,0
76,76,556,13.933,0,0
76,78,556,7.921,0,0
74,72,696,16.066,0,0
74,74,696,17.4,0,0
74,76,696,13.981,0,0
72,72,697,13.034,0,0
72,74,557,13.86,0,0
72,76,557,10.937,0,0
70,72,697,12.414,0,0
70,74,697,12.238,0,0
70,76,557,9.079,0,0
68,72,697,16.872,0,0
68,74,697,15.267,0,0
66,72,697,22.293,0,0
78,40,2486,16.554,0,0.003
76,40,2746,15.668,0,0.001
74,38,2498,11.228,0,0
76,10,518,13.292,0.006,0.046
74,8,518,6.478,0.001,0.043
74,10,518,13.978,0.006,0.041
74,12,795,22.145,0.011,0.036
72,8,518,5.633,0.001,0.032
72,10,518,12.71,0.002,0.029
72,12,795,20.93,0.005,0.025
70,6,394,1.396,0,0.02
70,8,518,4.71,0,0.017
70,10,518,11.347,0,0.015
70,12,743,19.912,0.001,0.012
70,14,1020,26.336,0.001,0.009
68,6,394,1.059,0,0.008
68,8,518,3.766,0,0.007
68,10,518,9.594,0,0.005
68,12,743,17.92,0,0.004
68,14,1158,25.496,0,0.003
68,16,1158,29.214,0,0.002
66,6,394,0.685,0,0.003
66,8,394,2.517,0,0.002
66,10,743,6.695,0,0.002
66,12,881,13.241,0,0.001
66,14,1019,20.413,0,0.001
66,16,1158,25.95,0,0
66,18,1278,28.878,0,0
66,20,1557,30.15,0,0
64,6,257,0.331,0,0
64,8,532,1.284,0,0.001
64,10,619,3.564,0,0
64,12,757,7.54,0,0
64,14,881,12.79,0,0
64,16,881,18.271,0,0
64,18,1139,23.046,0,0
64,20,1282,26.853,0,0
64,22,1421,29.5,0,0
64,24,1573,29.966,0,0
64,26,1713,28.807,0,0
62,6,535,0.176,0,0
62,8,535,0.551,0,0
62,10,622,1.603,0,0
62,12,482,3.752,0,0
62,14,620,7.134,0,0
62,16,620,11.306,0,0
62,18,620,15.624,0,0
62,20,1019,19.608,0,0
62,22,1158,22.274,0,0
62,24,1296,22.414,0,0
62,26,1181,21.436,0,0
60,8,535,0.478,0,0
60,10,622,1.19,0,0
60,12,622,3.044,0,0
60,14,620,6.091,0,0
60,16,620,9.403,0,0
60,18,620,11.891,0,0
60,20,1019,13.467,0,0
60,22,1158,14.179,0,0
60,24,1158,13.802,0,0
60,26,1041,13.741,0,0
58,8,535,1.171,0,0
58,10,535,1.918,0,0
58,12,622,4.594,0,0
58,14,622,8.924,0,0
58,16,620,12.612,0,0
58,18,758,13.282,0,0
58,20,899,11.359,0,0
58,22,1041,9.141,0,0
58,24,1041,8.138,0,0
58,26,1041,9.095,0,0
56,10,418,3.173,0,0
56,12,622,6.461,0,0
56,14,622,12.155,0,0
56,16,622,16.608,0,0
56,18,641,16.189,0,0
56,20,782,11.732,0,0
56,22,782,7.5,0,0
56,24,921,6.53,0,0
56,26,1041,8.898,0,0
54,14,505,12.119,0,0
54,16,643,16.368,0,0
54,18,503,15.65,0,0
54,20,503,10.895,0,0
54,22,782,6.859,0,0
52,16,503,11.393,0,0
52,18,363,10.858,0,0
50,16,416,5.55,0,0
50,18,276,5.292,0,0
72,78,418,6.111,0,0
70,78,418,4.825,0,0
68,76,418,10.598,0,0
68,78,418,5.335,0,0
68,80,418,1.901,0,0
66,74,558,19.142,0,0
66,76,418,12.861,0,0
66,78,418,6.323,0,0
66,80,418,2.208,0,0
64,72,558,22.276,0,0
64,74,558,18.348,0,0
64,76,418,12.055,0,0
64,78,418,5.862,0,0
64,80,418,2.034,0,0
62,70,420,18.082,0,0
62,72,558,15.899,0,0
62,74,558,12.533,0,0
62,76,418,8.049,0,0
62,78,280,3.872,0,0
62,80,280,1.337,0,0
60,70,420,9.657,0,0
60,72,420,8.027,0,0
60,74,280,6.027,0,0
60,76,280,3.771,0,0
60,78,280,1.795,0,0
60,80,280,0.617,0,0
58,68,559,4.095,0,0
58,70,420,3.641,0,0
58,72,420,2.865,0,0
58,74,280,2.041,0,0
58,76,280,1.238,0,0
58,78,280,0.581,0,0
56,74,280,0.487,0,0
56,76,280,0.285,0,0
56,78,280,0.131,0,0
54,76,280,0.046,0,0
76,80,278,3.148,0,0
74,78,278,7.929,0,0
74,80,278,3.151,0,0
72,80,278,2.395,0,0
70,80,278,1.806,0,0
58,80,140,0.196,0,0
56,80,140,0.044,0,0
54,78,140,0.019,0,0
54,80,140,0.007,0,0
80,8,378,2.358,0,0.05
80,10,378,5.022,0.001,0.048
78,6,378,1.536,0,0.051
78,8,378,4.544,0.001,0.05
78,10,378,9.634,0.004,0.047
76,4,254,0.498,0,0.05
76,6,378,2.107,0,0.049
76,8,378,6.258,0.002,0.048
74,2,254,0.082,0,0.048
74,4,254,0.499,0,0.047
74,6,378,2.142,0,0.045
72,2,254,0.064,0,0.04
72,4,254,0.4,0,0.038
72,6,378,1.781,0,0.035
70,2,254,0.044,0,0.026
70,4,254,0.294,0,0.023
68,2,254,0.03,0,0.012
68,4,254,0.21,0,0.01
66,2,117,0.016,0,0
66,4,254,0.131,0,0.004
64,2,117,0.008,0,0
64,4,257,0.067,0,0
62,4,257,0.077,0,0
60,6,395,0.354,0,0
82,12,399,2.996,0,0.041
88,14,261,0.027,0,0.025
86,10,261,0.085,0,0.046
86,12,261,0.144,0,0.038
84,8,261,0.219,0,0.05
84,10,261,0.474,0,0.047
84,12,261,0.784,0,0.04
82,8,261,0.859,0,0.05
82,10,261,1.842,0,0.047
80,6,261,0.794,0,0.051
108,50,842,2.132,0,0.032
108,52,701,5.264,0.001,0.029
108,54,797,9.863,0.001,0.024
108,56,935,14.639,0.002,0.018
108,58,935,17.724,0.001,0.011
106,46,703,0.368,0,0.081
106,48,980,1.204,0,0.035
106,50,842,3.778,0,0.034
106,52,980,8.717,0.002,0.033
106,54,1120,14.642,0.005,0.031
106,56,1120,18.328,0.006,0.027
106,58,979,17.83,0.003,0.021
106,60,1075,14.035,0.001,0.014
106,62,1075,8.995,0,0.008
104,44,562,0.912,0,0.202
104,46,703,0.76,0,0.06
104,48,847,2.066,0,0.027
104,50,1125,5.811,0.001,0.029
104,52,1264,12.745,0.003,0.03
104,54,1404,20.577,0.008,0.029
104,56,1260,24.196,0.01,0.027
104,58,1260,21.03,0.006,0.023
104,60,1119,13.901,0.002,0.019
104,62,1119,7.229,0,0.013
104,64,1117,3.027,0,0.008
102,44,847,1.448,0,0.144
102,52,1265,16.932,0.003,0.02
102,54,1265,26.499,0.007,0.02
102,56,1409,31.331,0.008,0.019
102,58,1409,27.694,0.005,0.016
102,60,1265,18.492,0.001,0.013
102,62,1261,9.493,0,0.009
102,64,1117,3.834,0,0.006
102,66,1117,1.48,0,0.003
100,56,1409,41.007,0.003,0.009
100,58,1409,38.875,0.002,0.007
100,60,1409,28.73,0.001,0.005
100,62,1398,16.445,0,0.003
100,64,1398,7.32,0,0.002
100,66,1261,3.073,0,0.001
98,60,1655,43.373,0,0.002
98,62,1683,27.148,0,0.001
98,64,1398,12.929,0,0.001
98,66,1399,5.508,0,0
96,60,1793,56.822,0,0
96,62,1931,37.574,0,0
96,64,1681,18.569,0,0
96,66,1399,7.774,0,0
94,62,2069,43.221,0,0
94,64,1790,22.13,0,0
94,66,1393,9.314,0,0
92,62,2069,44.042,0,0
92,64,1646,24.246,0,0
92,66,1502,11.352,0,0
90,62,1924,43.697,0,0
90,64,1784,27.26,0,0
90,66,1502,15.61,0,0
92,68,1254,6.755,0,0
90,68,1113,10.677,0,0
90,70,1113,9.113,0,0
88,70,1113,14.466,0,0
88,72,833,10.563,0,0
110,52,658,3.85,0,0.015
110,54,658,8.294,0,0.011
110,56,658,14.244,0,0.007
110,58,658,19.488,0,0.004
110,60,658,20.638,0,0.002
110,62,658,16.304,0,0.001
108,48,703,0.628,0,0.033
108,60,796,17.314,0,0.006
108,62,796,13.089,0,0.003
108,64,796,7.325,0,0.001
108,66,658,2.944,0,0.001
106,64,840,4.538,0,0.004
106,66,698,1.742,0,0.002
104,66,838,1.084,0,0.004
104,68,838,0.582,0,0.001
102,68,978,1.348,0,0
100,68,978,2.99,0,0
100,70,556,5.675,0,0
98,68,1116,4.9,0,0
98,70,835,8.964,0,0
96,68,1116,5.91,0,0
94,68,1116,5.889,0,0
88,74,551,5.864,0,0
88,76,414,2.435,0,0
86,74,551,7.116,0,0
86,76,414,2.71,0,0
86,78,414,0.748,0,0
86,80,414,0.153,0,0
84,76,414,2.785,0,0
84,78,414,0.849,0,0
84,80,277,0.202,0,0
82,78,277,1.351,0,0
82,80,277,0.452,0,0
80,78,277,2.944,0,0
80,80,277,1.134,0,0
78,78,277,5.641,0,0
78,80,277,2.236,0,0
96,70,975,9.997,0,0
96,72,691,15.456,0,0
94,70,975,8.356,0,0
94,72,831,12.23,0,0
92,70,975,6.958,0,0
92,72,975,8.181,0,0
92,74,413,7.929,0,0
90,72,557,7.551,0,0
90,74,413,5.289,0,0
90,34,1260,12.135,0,0.003
96,32,697,1.655,0.001,0.228
96,34,836,2.849,0.001,0.219
94,26,701,0.197,0,0.026
94,28,702,0.189,0,0.067
94,30,841,0.426,0,0.101
94,32,980,1.057,0,0.097
94,34,980,2.215,0,0.078
92,28,841,0.493,0,0.006
92,30,701,1.09,0,0.009
92,32,980,2.438,0,0.01
92,34,980,5.159,0,0.009
58,4,278,1.583,0,0
58,6,278,1.382,0,0
56,4,278,4.918,0,0
56,6,278,4.192,0,0
56,8,278,2.933,0,0
54,4,417,10.694,0,0
54,6,417,9.013,0,0
54,8,417,5.739,0,0
54,10,278,4.301,0,0
54,12,278,6.742,0,0
52,4,417,16.333,0,0
52,6,417,13.683,0,0
52,8,417,8.302,0,0
52,10,417,4.744,0,0
52,12,417,5.194,0,0
52,14,278,8.531,0,0
50,6,417,14.987,0,0
50,8,417,8.854,0,0
50,10,417,4.25,0,0
50,12,417,3.071,0,0
50,14,417,4.254,0,0
48,6,417,13.068,0,0
48,8,417,7.534,0,0
48,10,417,3.236,0,0
48,12,417,1.538,0,0
48,14,417,1.538,0,0
48,16,278,1.888,0,0
46,8,417,6.537,0,0
46,10,417,2.588,0,0
46,12,417,0.851,0,0
46,14,417,0.455,0,0
46,16,417,0.459,0,0
44,10,417,2.627,0,0
44,12,417,0.715,0,0
44,14,417,0.18,0,0
44,16,277,0.085,0,0
42,14,417,0.133,0,0
42,16,277,0.024,0,0
62,0,140,0.027,0,0
62,2,140,0.046,0,0
60,0,140,0.171,0,0
60,2,140,0.294,0,0
60,4,140,0.353,0,0
58,0,140,0.766,0,0
58,2,140,1.315,0,0
56,0,140,2.385,0,0
56,2,140,4.097,0,0
54,0,279,5.195,0,0
54,2,279,8.922,0,0
52,0,279,7.953,0,0
52,2,279,13.646,0,0
50,0,279,8.838,0,0
50,2,279,15.099,0,0
50,4,279,17.993,0,0
48,0,279,8.069,0,0
48,2,279,13.569,0,0
48,4,279,15.931,0,0
46,0,279,7.997,0,0
46,2,279,13.017,0,0
46,4,279,14.8,0,0
46,6,279,11.755,0,0
44,0,279,9.486,0,0
44,2,279,15.057,0,0
44,4,279,16.676,0,0
44,6,279,12.889,0,0
44,8,279,6.952,0,0
42,0,279,10.301,0,0
42,2,279,16.211,0,0
42,4,279,17.791,0,0
42,6,279,13.615,0,0
42,8,279,7.266,0,0
42,10,279,2.704,0,0
42,12,279,0.702,0,0
40,0,279,8.417,0,0
40,2,279,13.219,0,0
40,4,279,14.475,0,0
40,6,279,11.051,0,0
40,8,279,5.883,0,0
40,10,279,2.183,0,0
38,0,279,4.877,0,0
38,2,279,7.657,0,0
38,4,279,8.38,0,0
38,6,279,6.395,0,0
38,8,279,3.402,0,0
98,72,414,14.042,0,0
96,74,276,17.137,0,0
96,76,276,13.295,0,0
94,74,276,13.29,0,0
94,76,276,10.223,0,0
94,78,276,5.511,0,0
92,76,276,5.752,0,0
92,78,276,3.013,0,0
92,80,276,1.119,0,0
90,76,276,2.996,0,0
90,78,276,1.34,0,0
90,80,276,0.455,0,0
88,78,276,0.774,0,0
88,80,276,0.195,0,0
98,38,836,6.269,0.008,0.241
96,36,836,3.556,0.002,0.203
100,38,557,11.06,0.027,0.247
100,40,418,6.319,0.009,0.243
98,32,556,4.001,0.003,0.245
98,34,416,6.586,0.01,0.246
98,36,416,7.643,0.013,0.245
96,30,556,0.736,0,0.215
40,12,139,0.559,0,0
40,14,139,0.101,0,0
40,16,139,0.013,0,0
38,10,139,1.259,0,0
38,12,139,0.326,0,0
38,14,139,0.059,0,0
38,16,139,0.007,0,0
36,0,139,1.977,0,0
36,2,139,3.103,0,0
36,4,139,3.396,0,0
36,6,139,2.591,0,0
36,8,139,1.378,0,0
36,10,139,0.511,0,0
36,12,139,0.132,0,0
36,14,139,0.024,0,0
34,0,139,0.559,0,0
34,2,139,0.878,0,0
34,4,139,0.961,0,0
34,6,139,0.733,0,0
34,8,139,0.39,0,0
34,10,139,0.145,0,0
34,12,139,0.037,0,0
34,14,139,0.007,0,0
32,0,139,0.11,0,0
32,2,139,0.173,0,0
32,4,139,0.19,0,0
32,6,139,0.145,0,0
32,8,139,0.077,0,0
32,10,139,0.029,0,0
32,12,139,0.007,0,0
30,0,139,0.015,0,0
30,2,139,0.024,0,0
30,4,139,0.026,0,0
30,6,139,0.02,0,0
30,8,139,0.011,0,0
92,22,422,0.08,0,0.042
108,68,515,0.846,0,0
108,70,275,0.19,0,0
108,72,275,0.063,0,0
108,74,137,0.044,0,0
108,76,137,0.035,0,0
108,78,137,0.019,0,0
108,80,137,0.007,0,0
106,68,557,0.544,0,0.001
106,70,275,0.257,0,0
106,72,275,0.278,0,0
106,74,137,0.295,0,0
106,76,137,0.229,0,0
106,78,137,0.124,0,0
106,80,137,0.047,0,0
104,70,413,0.81,0,0
104,72,137,1.228,0,0
104,74,137,1.368,0,0
104,76,137,1.063,0,0
104,78,137,0.576,0,0
104,80,137,0.217,0,0
102,70,413,2.515,0,0
102,72,137,3.966,0,0
102,74,137,4.419,0,0
102,76,137,3.433,0,0
102,78,137,1.859,0,0
102,80,137,0.702,0,0
100,72,275,8.938,0,0
100,74,137,9.95,0,0
100,76,137,7.73,0,0
100,78,137,4.186,0,0
100,80,137,1.581,0,0
98,74,137,15.619,0,0
98,76,137,12.134,0,0
98,78,137,6.572,0,0
98,80,137,2.481,0,0
96,78,137,7.192,0,0
96,80,137,2.716,0,0
94,80,137,2.072,0,0
106,42,279,1.666,0.001,0.247
106,44,423,0.507,0,0.224
104,40,279,6.909,0.011,0.248
104,42,279,2.741,0.002,0.244
102,38,279,13.948,0.044,0.248
102,40,279,7.868,0.014,0.247
102,42,279,3.238,0.002,0.235
88,10,137,0.009,0,0.052
88,12,137,0.013,0,0.052
86,6,137,0.013,0,0.052
86,8,137,0.037,0,0.052
84,4,137,0.017,0,0.052
84,6,137,0.072,0,0.052
82,2,137,0.012,0,0.052
82,4,137,0.069,0,0.052
82,6,137,0.285,0,0.052
80,2,137,0.032,0,0.052
80,4,137,0.189,0,0.052
78,0,137,0.007,0,0.052
78,2,137,0.061,0,0.052
78,4,137,0.361,0,0.052
76,0,137,0.009,0,0.052
76,2,137,0.081,0,0.052
74,0,137,0.009,0,0.052
120,52,373,3.881,0,0
120,54,373,8.036,0,0
120,56,373,12.991,0,0
120,58,373,17.282,0,0
120,60,373,19.149,0,0
120,62,373,16.972,0,0
120,64,373,11.378,0,0
120,66,373,5.539,0,0
120,68,373,1.916,0,0
118,50,373,2.356,0,0
118,52,373,6.457,0,0
118,54,373,12.847,0,0
118,56,373,19.31,0,0
118,58,373,23.137,0,0
118,60,373,22.984,0,0
118,62,373,18.737,0,0
118,64,373,11.93,0,0
118,66,373,5.643,0,0
118,68,373,1.92,0,0
118,70,234,0.459,0,0
116,50,373,2.821,0,0
116,52,517,7.707,0,0
116,54,517,15.143,0,0
116,56,517,22.088,0,0
116,58,517,25.009,0,0
116,60,517,22.933,0,0
116,62,373,17.189,0,0
116,64,373,10.207,0,0
116,66,373,4.584,0,0
116,68,373,1.502,0,0
116,70,234,0.347,0,0
116,72,234,0.058,0,0
114,48,421,0.626,0,0.001
114,50,517,2.435,0,0
114,52,517,6.731,0,0
114,54,517,13.521,0,0
114,56,517,20.315,0,0
114,58,517,23.644,0,0
114,60,517,21.854,0,0
114,62,517,16.006,0,0
114,64,373,9.037,0,0
114,66,373,3.811,0,0
114,68,373,1.169,0,0
114,70,234,0.253,0,0
114,72,234,0.04,0,0
112,48,421,0.425,0,0.005
112,50,517,1.665,0,0.004
112,52,517,4.747,0,0.003
112,54,517,10.133,0,0.002
112,56,517,16.672,0,0.002
112,58,517,21.523,0,0.001
112,60,517,21.674,0,0
112,62,517,16.608,0,0
112,64,517,9.406,0,0
112,66,373,3.846,0,0
112,68,373,1.123,0,0
112,70,234,0.23,0,0
112,72,234,0.034,0,0
110,48,421,0.371,0,0.021
110,50,421,1.379,0,0.018
110,64,517,9.329,0,0
110,66,517,3.802,0,0
110,68,373,1.09,0,0
110,70,234,0.219,0,0
110,72,138,0.029,0,0
120,44,139,0.008,0,0
120,46,139,0.064,0,0
120,48,235,0.357,0,0
120,50,235,1.388,0,0
118,44,139,0.014,0,0
118,46,139,0.111,0,0
118,48,235,0.609,0,0
116,44,139,0.017,0,0
116,46,139,0.133,0,0
116,48,139,0.723,0,0
114,44,139,0.014,0,0
114,46,139,0.111,0,0
112,44,277,0.02,0,0.147
112,46,283,0.076,0,0.006
110,46,421,0.081,0,0.054
108,46,421,0.164,0,0.084
114,30,138,0.008,0,0.248
114,32,138,0.019,0,0.248
114,34,138,0.031,0,0.248
114,36,138,0.036,0,0.248
114,38,138,0.029,0,0.248
114,40,138,0.016,0,0.248
114,42,138,0.006,0,0.248
112,28,416,0.114,0,0.048
112,30,278,0.079,0,0.173
112,32,138,0.13,0,0.248
112,34,138,0.216,0,0.248
112,36,138,0.25,0,0.248
112,38,138,0.201,0,0.248
112,40,138,0.113,0,0.248
112,42,138,0.044,0,0.248
110,26,416,1.117,0,0.029
110,28,416,0.467,0,0.053
110,30,278,0.359,0,0.182
110,32,278,0.644,0,0.241
110,34,138,1.038,0,0.248
110,36,138,1.2,0,0.248
110,38,138,0.966,0,0.248
110,40,138,0.542,0,0.248
110,42,138,0.212,0,0.248
110,44,282,0.065,0,0.226
108,24,416,6.304,0.001,0.044
108,26,416,3.104,0,0.028
108,28,416,1.343,0,0.058
108,30,416,1.159,0,0.191
108,32,278,2.147,0.001,0.242
108,34,278,3.483,0.003,0.248
108,36,138,4.016,0.004,0.248
108,38,138,3.235,0.002,0.248
108,40,138,1.816,0.001,0.248
108,42,138,0.711,0,0.248
108,44,282,0.212,0,0.23
106,24,416,12.109,0.002,0.042
106,26,416,6.021,0,0.028
106,28,416,2.707,0,0.065
106,30,416,2.598,0.001,0.198
106,32,278,4.993,0.005,0.243
106,34,278,8.128,0.015,0.248
106,36,138,9.375,0.02,0.248
106,38,138,7.551,0.013,0.248
106,40,138,4.24,0.004,0.248
104,24,416,16.229,0.003,0.039
104,26,416,8.152,0,0.027
104,28,416,3.829,0,0.072
104,30,416,4.082,0.003,0.205
104,32,278,8.1,0.014,0.244
104,34,278,13.224,0.039,0.248
104,36,138,15.257,0.052,0.248
104,38,138,12.288,0.034,0.248
102,24,416,15.178,0.003,0.037
102,26,416,7.705,0,0.027
102,28,416,3.801,0,0.08
102,30,416,4.493,0.003,0.211
102,32,278,9.166,0.018,0.245
102,34,278,15,0.051,0.248
102,36,138,17.31,0.067,0.248
100,24,416,9.904,0.001,0.035
100,26,416,5.085,0,0.027
100,28,416,2.65,0,0.089
100,30,416,3.463,0.002,0.216
100,32,278,7.234,0.012,0.245
100,34,278,11.863,0.032,0.248
100,36,138,13.692,0.042,0.248
98,24,416,4.51,0,0.033
98,26,416,2.343,0,0.028
98,28,416,1.298,0,0.099
98,30,278,1.863,0.001,0.221
96,26,416,0.754,0,0.028
96,28,416,0.447,0,0.109
116,14,273,12.23,0,0
116,16,273,10.406,0,0
116,18,413,6.184,0,0.001
116,20,413,2.571,0,0.001
116,22,413,0.754,0,0.002
114,10,273,2.896,0,0.001
114,12,273,5.082,0,0.001
114,14,413,6.241,0,0.003
114,16,413,5.385,0,0.005
114,18,413,3.304,0,0.009
114,20,413,1.488,0,0.016
114,22,413,0.534,0,0.025
114,24,413,0.177,0,0.03
114,26,413,0.059,0,0.024
112,8,273,0.415,0,0.005
112,10,273,1.064,0,0.01
112,12,413,1.954,0,0.018
112,14,413,2.612,0,0.032
112,16,413,2.652,0,0.052
112,18,413,2.188,0,0.073
112,20,413,1.588,0,0.081
112,22,413,1.051,0,0.069
112,24,413,0.606,0,0.047
112,26,278,0.277,0,0.028
110,8,273,0.137,0,0.057
110,10,273,0.436,0,0.088
110,12,413,1.109,0,0.118
110,14,413,2.217,0,0.141
110,16,413,3.523,0.001,0.147
110,18,413,4.452,0.002,0.134
110,20,413,4.498,0.001,0.107
110,22,413,3.628,0,0.074
110,24,413,2.295,0,0.046
108,6,138,0.014,0,0.206
108,8,273,0.116,0,0.176
108,10,413,0.544,0,0.184
108,12,413,1.835,0.001,0.186
108,14,413,4.511,0.003,0.18
108,16,413,8.177,0.008,0.164
108,18,413,11.181,0.012,0.139
108,20,413,11.83,0.008,0.106
108,22,278,9.8,0.003,0.072
106,6,138,0.026,0,0.206
106,8,138,0.181,0,0.206
106,10,278,0.912,0,0.199
106,12,413,3.215,0.002,0.192
106,14,413,8.091,0.01,0.182
106,16,413,14.91,0.028,0.163
106,18,278,20.68,0.039,0.136
106,20,278,22.196,0.027,0.102
106,22,278,18.636,0.01,0.068
104,6,138,0.033,0,0.206
104,8,138,0.228,0,0.206
104,10,278,1.156,0,0.199
104,12,278,4.072,0.003,0.192
104,14,278,10.303,0.016,0.18
104,16,278,19.126,0.044,0.161
104,18,278,26.805,0.062,0.133
104,20,278,29.117,0.045,0.098
104,22,278,24.738,0.017,0.065
102,6,138,0.029,0,0.206
102,8,138,0.201,0,0.206
102,10,278,1.021,0,0.198
102,12,278,3.607,0.002,0.191
102,14,278,9.164,0.012,0.179
102,16,278,17.131,0.035,0.159
102,18,278,24.252,0.049,0.129
102,20,278,26.664,0.035,0.095
102,22,278,22.919,0.013,0.062
100,6,138,0.018,0,0.206
100,8,138,0.124,0,0.206
100,10,278,0.629,0,0.198
100,12,278,2.228,0.001,0.19
100,14,278,5.686,0.005,0.177
100,16,278,10.707,0.013,0.156
100,18,278,15.316,0.019,0.126
100,20,278,17.045,0.013,0.091
100,22,278,14.82,0.005,0.059
98,6,138,0.008,0,0.206
98,8,138,0.053,0,0.206
98,10,278,0.27,0,0.197
98,12,278,0.96,0,0.189
98,14,278,2.461,0.001,0.175
98,16,278,4.67,0.002,0.153
98,18,278,6.752,0.003,0.122
98,20,278,7.607,0.003,0.087
98,22,278,6.688,0.001,0.056
96,8,138,0.016,0,0.206
96,10,138,0.077,0,0.206
96,12,278,0.288,0,0.188
96,14,278,0.743,0,0.173
96,16,278,1.421,0,0.15
96,18,278,2.078,0,0.119
96,20,278,2.37,0,0.084
96,22,278,2.106,0,0.053
96,24,278,1.427,0,0.031
94,10,138,0.016,0,0.206
94,12,138,0.055,0,0.206
94,14,278,0.157,0,0.171
94,16,278,0.302,0,0.147
94,18,278,0.446,0,0.115
94,20,278,0.515,0,0.08
94,22,278,0.463,0,0.05
94,24,278,0.316,0,0.029
92,12,138,0.008,0,0.206
92,14,138,0.019,0,0.206
92,16,278,0.045,0,0.144
92,18,278,0.067,0,0.111
92,20,278,0.078,0,0.077
116,24,275,0.157,0,0
114,28,140,0.016,0,0
120,2,135,0.022,0,0
120,4,135,0.164,0,0
120,6,135,0.847,0,0
120,8,135,3.048,0,0
120,10,135,7.646,0,0
120,12,135,13.374,0,0
120,14,135,16.309,0,0
120,16,135,13.865,0,0
120,18,135,8.218,0,0
120,20,135,3.396,0,0
120,22,135,0.978,0,0
120,24,135,0.196,0,0
120,26,135,0.028,0,0
118,2,135,0.023,0,0
118,4,135,0.17,0,0
118,6,135,0.878,0,0
118,8,135,3.159,0,0
118,10,135,7.927,0,0
118,12,135,13.865,0,0
118,14,135,16.908,0,0
118,16,135,14.374,0,0
118,18,135,8.52,0,0
118,20,135,3.521,0,0
118,22,135,1.014,0,0
118,24,135,0.204,0,0
118,26,135,0.029,0,0
116,2,135,0.017,0,0
116,4,135,0.123,0,0
116,6,135,0.635,0,0
116,8,135,2.284,0,0
116,10,135,5.729,0,0
116,12,135,10.021,0,0
116,26,135,0.021,0,0
114,2,135,0.008,0,0
114,4,135,0.062,0,0
114,6,135,0.32,0,0
114,8,135,1.151,0,0
112,4,135,0.022,0,0
112,6,135,0.112,0,0
110,6,135,0.028,0,0
120,70,96,0.461,0,0
120,72,96,0.079,0,0
120,74,96,0.009,0,0
118,72,96,0.076,0,0
118,74,96,0.009,0,0
116,74,96,0.006,0,0
